customer.id,customer.state,age,birthday.month,years.as.member,in.store.exp,selection,,,
C40000,MA,31,10,0,,,,,
C40001,MA,27,2,0,,,,,
C40002,MA,33,3,0,,,,,1954
C40003,VT,35,8,1,,,,,2501
C40004,MA,26,6,0,,,,,0.781287485
C40005,MA,73,7,0,4 Somewhat Satisfied,5 Very Satisfied,,,
C40006,VT,70,1,5,5 Very Satisfied,4 Somewhat Satisfied,,,
C40007,VT,26,11,0,5 Very Satisfied,3 Neutral,,,
C40008,VT,29,1,1,,,,,
C40009,MA,69,2,0,,,,,
C40010,MA,43,8,5,,,,,
C40011,MA,22,1,0,,,,,
C40012,MA,28,1,0,,,,,
C40013,VT,24,2,0,,,,,
C40014,VT,45,2,3,4 Somewhat Satisfied,4 Somewhat Satisfied,,,
C40015,MA,39,3,2,,,,,
C40016,MA,45,4,3,,,,,
C40017,MA,72,10,0,,,,,
C40018,MA,34,1,2,,,,,
C40019,VT,36,3,4,,,,,
C40020,MA,72,7,4,,,,,
C40021,VT,31,2,3,,,,,
C40022,MA,55,10,2,,,,,
C40023,MA,35,5,1,5 Very Satisfied,5 Very Satisfied,,,
C40024,MA,49,12,0,5 Very Satisfied,5 Very Satisfied,,,
C40025,RI,26,10,0,,,,,
C40026,CT,40,9,2,,,,,
C40027,NY,35,10,3,,,,,
C40028,MA,73,7,0,,,,,
C40029,MA,24,October,0,,,,,
C40030,VT,37,1,1,,,,,
C40031,CT,35,4,0,4 Somewhat Satisfied,3 Neutral,,,
C40032,NY,53,9,1,,,,,
C40033,MA,22,2,1,,,,,
C40034,VT,74,4,5,5 Very Satisfied,4 Somewhat Satisfied,,,
C40035,VT,34,9,3,4 Somewhat Satisfied,5 Very Satisfied,,,
C40036,VT,35,7,1,,,,,
C40037,CA,38,12,4,5 Very Satisfied,4 Somewhat Satisfied,,,
C40038,MA,25,4,1,,,,,
C40039,VT,30,9,2,3 Neutral,4 Somewhat Satisfied,,,
C40040,VT,39,9,0,4 Somewhat Satisfied,5 Very Satisfied,,,
C40041,VT,73,4,1,,,,,
C40042,MA,53,5,1,,,,,
C40043,VT,33,5,4,,,,,
C40044,VT,44,9,4,,,,,
C40045,VT,42,11,0,,,,,
C40046,MA,24,6,1,,,,,
C40047,VT,66,9,3,,,,,
C40048,MA,23,6,0,,,,,
C40049,VT,34,8,1,,,,,
C40050,MA,39,8,0,,,,,
C40051,MA,50,12,1,,,,,
C40052,MA,69,1,1,5 Very Satisfied,5 Very Satisfied,,,
C40053,MA,25,1,4,,,,,
C40054,VT,37,3,1,,,,,
C40055,MA,35,10,1,,,,,
C40056,MA,24,10,3,,,,,
C40057,MA,71,9,1,,,,,
C40058,VT,25,4,0,,,,,
C40059,MA,35,4,0,,,,,
C40060,MA,42,5,4,5 Very Satisfied,5 Very Satisfied,,,
C40061,MA,31,3,4,,,,,
C40062,MA,34,4,0,,,,,
C40063,TX,22,3,1,,,,,
C40064,MA,31,4,0,,,,,
C40065,Mass.,35,7,3,,,,,
C40066,MA,37,11,3,,,,,
C40067,MA,72,1,3,,,,,
C40068,VT,34,4,2,3 Neutral,4 Somewhat Satisfied,,,
C40069,MA,34,1,1,,,,,
C40070,MA,26,12,0,,,,,
C40071,MA,40,10,0,3 Neutral,5 Very Satisfied,,,
C40072,VT,36,1,1,,,,,
C40073,MA,24,1,0,,,,,
C40074,VT,29,5,4,5 Very Satisfied,4 Somewhat Satisfied,,,
C40075,VT,30,2,4,,,,,
C40076,VT,38,2,5,4 Somewhat Satisfied,5 Very Satisfied,,,
C40077,VT,26,1,0,,,,,
C40078,MA,40,7,0,,,,,
C40079,VT,24,6,0,,,,,
C40080,Massachusetts,27,8,0,,,,,
C40081,MA,42,10,3,,,,,
C40082,VT,40,2,1,5 Very Satisfied,4 Somewhat Satisfied,,,
C40083,MA,22,12,0,,,,,
C40084,NY,28,10,1,,,,,
C40085,CA,23,6,5,,,,,
C40086,MA,44,2,1,,,,,
C40087,MA,59,1,4,,,,,
C40088,VT,36,9,0,,,,,
C40089,CA,34,5,4,,,,,
C40090,VT,27,2,0,4 Somewhat Satisfied,5 Very Satisfied,,,
C40091,MA,43,2,5,5 Very Satisfied,4 Somewhat Satisfied,,,
C40092,VT,36,11,1,,,,,
C40093,MA,24,6,0,,,,,
C40094,MA,45,5,0,,,,,
C40095,MA,35,8,0,,,,,
C40096,MA,23,8,4,,,,,
C40097,MA,38,4,1,,,,,
C40098,NY,40,1,1,,,,,
C40099,MA,28,1,5,,,,,
C40100,VT,45,3,1,,,,,
C40101,CT,40,12,0,,,,,
C40102,VT,34,2,4,,,,,
C40103,VT,30,9,0,4 Somewhat Satisfied,4 Somewhat Satisfied,,,
C40104,MA,41,7,4,,,,,
C40105,MA,23,9,5,,,,,
C40106,NY,25,10,2,3 Neutral,4 Somewhat Satisfied,,,
C40107,MA,35,12,3,,,,,
C40108,VT,68,4,1,,,,,
C40109,MA,62,8,0,,,,,
C40110,VT,66,6,2,,,,,
C40111,MA,30,8,4,,,,,
C40112,VT,34,8,1,,,,,
C40113,RI,36,3,0,,,,,
C40114,MA,64,7,0,,,,,
C40115,MA,24,3,2,,,,,
C40116,VT,33,11,1,5 Very Satisfied,3 Neutral,,,
C40117,MA,29,12,1,,,,,
C40118,MA,33,2,3,5 Very Satisfied,5 Very Satisfied,,,
C40119,MA,68,1,5,,,,,
C40120,MA,65,7,4,,,,,
C40121,MA,32,5,0,,,,,
C40122,MA,64,6,0,,,,,
C40123,VT,30,12,0,2 Somewhat Unsatisfied,5 Very Satisfied,,,
C40124,MA,26,10,1,,,,,
C40125,MA,46,10,5,3 Neutral,4 Somewhat Satisfied,,,
C40126,MA,29,2,2,,,,,
C40127,MA,26,2,1,,,,,
C40128,VT,37,9,1,,,,,
C40129,MA,36,10,5,4 Somewhat Satisfied,5 Very Satisfied,,,
C40130,NY,45,1,0,,,,,
C40131,MA,44,6,3,2 Somewhat Unsatisfied,5 Very Satisfied,,,
C40132,MA,27,1,1,4 Somewhat Satisfied,4 Somewhat Satisfied,,,
C40133,CT,39,2,0,,,,,
C40134,MA,26,7,3,,,,,
C40135,MA,28,5,5,,,,,
C40136,MA,30,7,1,,,,,
C40137,MA,42,3,0,5 Very Satisfied,5 Very Satisfied,,,
C40138,NY,46,8,1,,,,,
C40139,MA,42,7,2,,,,,
C40140,MA,33,12,0,5 Very Satisfied,4 Somewhat Satisfied,,,
C40141,MA,64,1,0,,,,,
C40142,VT,35,10,0,2 Somewhat Unsatisfied,2 Somewhat Unsatisfied,,,
C40143,MA,70,11,1,,,,,
C40144,MA,41,9,0,,,,,
C40145,MA,34,12,4,,,,,
C40146,MA,35,6,2,,,,,
C40147,MA,70,3,2,4 Somewhat Satisfied,4 Somewhat Satisfied,,,
C40148,VT,33,10,0,4 Somewhat Satisfied,5 Very Satisfied,,,
C40149,MA,23,4,3,2 Somewhat Unsatisfied,5 Very Satisfied,,,
C40150,CT,29,12,0,,,,,
C40151,RI,36,12,0,,,,,
C40152,MA,38,12,0,,,,,
C40153,VT,38,3,5,,,,,
C40154,MA,28,6,5,,,,,
C40155,MA,45,4,0,5 Very Satisfied,5 Very Satisfied,,,
C40156,CT,28,8,5,,,,,
C40157,VT,35,6,0,,,,,
C40158,VT,62,1,0,5 Very Satisfied,4 Somewhat Satisfied,,,
C40159,CT,55,1,2,,,,,
C40160,MA,23,7,1,,,,,
C40161,VT,26,11,1,,,,,
C40162,MA,72,8,1,,,,,
C40163,VT,49,2,0,,,,,
C40164,VT,27,6,5,,,,,
C40165,MA,34,4,5,,,,,
C40166,MA,60,2,3,,,,,
C40167,CT,23,4,0,,,,,
C40168,NY,27,9,2,,,,,
C40169,MA,75,10,1,,,,,
C40170,MA,24,9,1,4 Somewhat Satisfied,4 Somewhat Satisfied,,,
C40171,MA,39,8,5,,,,,
C40172,MA,57,10,5,,,,,
C40173,VT,25,3,3,,,,,
C40174,Massachusetts,35,6,3,,,,,
C40175,MA,26,9,3,,,,,
C40176,CA,39,4,0,,,,,
C40177,MA,27,7,2,,,,,
C40178,MA,23,5,1,,,,,
C40179,MA,68,9,0,,,,,
C40180,MA,73,12,1,4 Somewhat Satisfied,4 Somewhat Satisfied,,,
C40181,MA,51,4,5,,,,,
C40182,MA,25,11,2,,,,,
C40183,MA,31,11,0,,,,,
C40184,VT,46,2,3,,,,,
C40185,VT,69,8,0,,,,,
C40186,CT,38,4,1,,,,,
C40187,MA,26,7,0,5 Very Satisfied,4 Somewhat Satisfied,,,
C40188,MA,32,5,0,,,,,
C40189,CT,54,1,1,,,,,
C40190,MA,36,1,5,,,,,
C40191,VT,74,4,0,,,,,
C40192,RI,40,10,1,2 Somewhat Unsatisfied,4 Somewhat Satisfied,,,
C40193,MA,37,6,1,,,,,
C40194,VT,22,6,0,,,,,
C40195,VT,51,12,4,,,,,
C40196,RI,30,4,1,,,,,
C40197,MA,47,8,1,,,,,
C40198,CT,68,12,3,,,,,
C40199,MA,40,8,0,,,,,
C40200,NY,30,8,0,,,,,
C40201,MA,50,10,0,2 Somewhat Unsatisfied,3 Neutral,,,
C40202,NY,24,6,5,,,,,
C40203,CT,72,12,1,,,,,
C40204,MA,23,11,3,4 Somewhat Satisfied,5 Very Satisfied,,,
C40205,MA,24,11,0,5 Very Satisfied,5 Very Satisfied,,,
C40206,CA,59,6,0,,,,,
C40207,MA,35,3,0,,,,,
C40208,CT,22,4,0,3 Neutral,5 Very Satisfied,,,
C40209,MA,57,2,2,,,,,
C40210,MA,57,3,0,,,,,
C40211,MA,27,6,0,5 Very Satisfied,4 Somewhat Satisfied,,,
C40212,MA,68,10,0,,,,,
C40213,MA,36,7,0,,,,,
C40214,MA,26,5,0,,,,,
C40215,MA,22,4,2,,,,,
C40216,NY,42,4,0,1 Very Unsatisfied,1 Very Unsatisfied,,,
C40217,VT,37,9,1,,,,,
C40218,NY,25,8,5,4 Somewhat Satisfied,4 Somewhat Satisfied,,,
C40219,MA,37,3,2,,,,,
C40220,TX,39,7,4,4 Somewhat Satisfied,5 Very Satisfied,,,
C40221,RI,22,9,5,,,,,
C40222,MA,23,4,0,,,,,
C40223,CT,35,2,3,,,,,
C40224,VT,25,2,1,,,,,
C40225,MA,34,5,1,,,,,
C40226,VT,27,5,3,,,,,
C40227,RI,22,6,0,2 Somewhat Unsatisfied,2 Somewhat Unsatisfied,,,
C40228,MA,56,9,0,,,,,
C40229,MA,24,2,0,4 Somewhat Satisfied,4 Somewhat Satisfied,,,
C40230,MA,71,9,2,,,,,
C40231,MA,25,4,0,,,,,
C40232,MA,35,4,3,,,,,
C40233,CT,37,5,1,,,,,
C40234,MA,22,1,1,,,,,
C40235,VT,34,7,3,,,,,
C40236,MA,69,2,0,,,,,
C40237,MA,26,4,0,,,,,
C40238,MA,30,5,2,2 Somewhat Unsatisfied,4 Somewhat Satisfied,,,
C40239,VT,43,12,0,,,,,
C40240,CA,70,6,3,,,,,
C40241,MA,46,6,0,,,,,
C40242,MA,27,10,0,,,,,
C40243,MA,31,12,0,3 Neutral,2 Somewhat Unsatisfied,,,
C40244,MA,26,10,2,5 Very Satisfied,5 Very Satisfied,,,
C40245,Connecticut,24,4,0,4 Somewhat Satisfied,5 Very Satisfied,,,
C40246,CA,32,5,0,,,,,
C40247,MA,33,5,1,2 Somewhat Unsatisfied,4 Somewhat Satisfied,,,
C40248,MA,35,9,1,,,,,
C40249,CT,25,7,4,,,,,
C40250,VT,34,6,3,,,,,
C40251,MA,35,4,1,2 Somewhat Unsatisfied,3 Neutral,,,
C40252,CT,36,6,0,,,,,
C40253,MA,49,10,1,,,,,
C40254,MA,49,4,3,2 Somewhat Unsatisfied,5 Very Satisfied,,,
C40255,VT,35,11,5,2 Somewhat Unsatisfied,3 Neutral,,,
C40256,VT,34,12,5,,,,,
C40257,MA,34,7,4,,,,,
C40258,RI,28,3,0,4 Somewhat Satisfied,4 Somewhat Satisfied,,,
C40259,VT,31,6,2,,,,,
C40260,Massachusetts,32,2,3,,,,,
C40261,MA,51,7,1,,,,,
C40262,VT,32,9,0,,,,,
C40263,VT,28,10,0,,,,,
C40264,MA,23,3,3,,,,,
C40265,VT,23,6,0,,,,,
C40266,Massachusetts,65,1,2,,,,,
C40267,MA,24,11,0,5 Very Satisfied,4 Somewhat Satisfied,,,
C40268,MA,32,8,4,5 Very Satisfied,4 Somewhat Satisfied,,,
C40269,MA,27,1,4,,,,,
C40270,VT,52,2,1,,,,,
C40271,MA,33,11,0,,,,,
C40272,MA,58,4,5,,,,,
C40273,VT,49,10,2,,,,,
C40274,MA,26,7,0,5 Very Satisfied,4 Somewhat Satisfied,,,
C40275,MA,29,12,5,,,,,
C40276,VT,69,8,5,3 Neutral,4 Somewhat Satisfied,,,
C40277,Massachusetts,29,12,0,,,,,
C40278,VT,28,9,0,,,,,
C40279,VT,32,9,3,,,,,
C40280,MA,24,12,0,,,,,
C40281,VT,40,10,3,,,,,
C40282,CT,33,7,0,,,,,
C40283,CA,26,2,1,5 Very Satisfied,5 Very Satisfied,,,
C40284,NY,58,10,5,,,,,
C40285,MA,35,1,1,3 Neutral,5 Very Satisfied,,,
C40286,VT,57,7,0,2 Somewhat Unsatisfied,4 Somewhat Satisfied,,,
C40287,MA,24,8,0,,,,,
C40288,RI,66,11,1,,,,,
C40289,RI,31,11,0,,,,,
C40290,MA,58,12,0,,,,,
C40291,Connecticut,46,5,4,,,,,
C40292,MA,53,4,0,,,,,
C40293,VT,25,6,4,,,,,
C40294,MA,27,7,0,,,,,
C40295,MA,27,9,1,,,,,
C40296,CT,22,4,1,,,,,
C40297,MA,37,4,1,5 Very Satisfied,4 Somewhat Satisfied,,,
C40298,MA,42,1,5,3 Neutral,4 Somewhat Satisfied,,,
C40299,VT,43,2,0,,,,,
C40300,MA,40,5,0,,,,,
C40301,VT,28,10,1,,,,,
C40302,MA,30,10,0,,,,,
C40303,RI,34,7,1,3 Neutral,5 Very Satisfied,,,
C40304,MA,38,9,0,,,,,
C40305,VT,23,11,0,5 Very Satisfied,4 Somewhat Satisfied,,,
C40306,MA,44,1,0,5 Very Satisfied,2 Somewhat Unsatisfied,,,
C40307,MA,34,8,0,,,,,
C40308,MA,31,12,1,4 Somewhat Satisfied,2 Somewhat Unsatisfied,,,
C40309,CT,32,2,2,,,,,
C40310,CT,37,1,4,,,,,
C40311,MA,52,6,3,2 Somewhat Unsatisfied,5 Very Satisfied,,,
C40312,MA,31,12,0,,,,,
C40313,VT,63,6,1,,,,,
C40314,MA,28,2,0,,,,,
C40315,MA,35,4,2,,,,,
C40316,VT,63,2,0,,,,,
C40317,MA,73,11,1,,,,,
C40318,RI,27,3,4,4 Somewhat Satisfied,5 Very Satisfied,,,
C40319,MA,46,11,1,,,,,
C40320,MA,36,10,0,,,,,
C40321,MA,55,9,0,3 Neutral,4 Somewhat Satisfied,,,
C40322,CT,46,12,4,,,,,
C40323,MA,46,2,5,4 Somewhat Satisfied,5 Very Satisfied,,,
C40324,VT,30,11,1,,,,,
C40325,VT,27,2,3,,,,,
C40326,MA,65,10,5,,,,,
C40327,MA,35,3,3,4 Somewhat Satisfied,4 Somewhat Satisfied,,,
C40328,MA,25,3,2,4 Somewhat Satisfied,4 Somewhat Satisfied,,,
C40329,VT,74,6,0,,,,,
C40330,VT,35,11,1,,,,,
C40331,MA,68,3,0,4 Somewhat Satisfied,4 Somewhat Satisfied,,,
C40332,MA,62,9,1,,,,,
C40333,MA,39,2,1,3 Neutral,3 Neutral,,,
C40334,MA,22,7,2,,,,,
C40335,MA,52,7,4,,,,,
C40336,MA,45,4,2,4 Somewhat Satisfied,5 Very Satisfied,,,
C40337,MA,50,12,1,5 Very Satisfied,5 Very Satisfied,,,
C40338,MA,51,10,5,,,,,
C40339,MA,35,1,1,,,,,
C40340,CT,27,10,0,,,,,
C40341,MA,47,11,1,3 Neutral,4 Somewhat Satisfied,,,
C40342,MA,23,2,3,,,,,
C40343,MA,34,6,5,,,,,
C40344,VT,27,3,4,,,,,
C40345,VT,32,6,4,,,,,
C40346,VT,47,4,0,,,,,
C40347,MA,52,1,0,,,,,
C40348,MA,45,4,1,,,,,
C40349,VT,64,4,1,,,,,
C40350,VT,55,7,2,,,,,
C40351,MA,28,4,0,,,,,
C40352,VT,28,3,1,,,,,
C40353,Massachusetts,35,11,1,5 Very Satisfied,2 Somewhat Unsatisfied,,,
C40354,MA,27,11,1,,,,,
C40355,MA,38,2,2,,,,,
C40356,MA,28,4,0,,,,,
C40357,MA,50,6,0,,,,,
C40358,MA,34,2,0,,,,,
C40359,MA,27,9,3,,,,,
C40360,MA,41,6,0,,,,,
C40361,VT,47,3,0,,,,,
C40362,MA,24,10,2,,,,,
C40363,MA,24,9,1,,,,,
C40364,MA,63,12,0,,,,,
C40365,VT,55,12,0,,,,,
C40366,CT,32,10,1,,,,,
C40367,MA,38,9,0,5 Very Satisfied,5 Very Satisfied,,,
C40368,MA,33,8,0,,,,,
C40369,VT,73,11,0,,,,,
C40370,MA,50,4,1,,,,,
C40371,MA,34,11,2,4 Somewhat Satisfied,4 Somewhat Satisfied,,,
C40372,VT,44,6,1,,,,,
C40373,TX,36,12,0,,,,,
C40374,CT,27,11,0,,,,,
C40375,MA,25,1,0,,,,,
C40376,MA,29,4,4,,,,,
C40377,MA,57,3,0,,,,,
C40378,MA,30,11,0,,,,,
C40379,VT,62,4,0,,,,,
C40380,MA,40,8,1,,,,,
C40381,VT,38,9,2,,,,,
C40382,MA,22,9,1,,,,,
C40383,MA,74,12,1,,,,,
C40384,RI,43,9,2,,,,,
C40385,MA,62,11,5,,,,,
C40386,MA,23,11,2,,,,,
C40387,MA,29,9,2,,,,,
C40388,Mass.,69,6,5,4 Somewhat Satisfied,5 Very Satisfied,,,
C40389,VT,32,12,5,,,,,
C40390,VT,32,7,5,5 Very Satisfied,4 Somewhat Satisfied,,,
C40391,MA,22,5,0,,,,,
C40392,MA,45,8,0,,,,,
C40393,VT,32,6,0,,,,,
C40394,MA,27,3,0,,,,,
C40395,VT,45,10,4,,,,,
C40396,MA,54,11,0,,,,,
C40397,MA,37,2,1,,,,,
C40398,VT,39,11,3,,,,,
C40399,VT,44,7,5,,,,,
C40400,CT,47,1,0,,,,,
C40401,MA,44,4,0,5 Very Satisfied,4 Somewhat Satisfied,,,
C40402,MA,28,7,0,,,,,
C40403,CT,33,8,0,5 Very Satisfied,4 Somewhat Satisfied,,,
C40404,MA,71,5,0,,,,,
C40405,MA,22,5,0,,,,,
C40406,MA,42,6,0,4 Somewhat Satisfied,3 Neutral,,,
C40407,VT,25,3,0,,,,,
C40408,MA,58,9,1,5 Very Satisfied,3 Neutral,,,
C40409,VT,25,11,1,,,,,
C40410,MA,25,9,0,4 Somewhat Satisfied,4 Somewhat Satisfied,,,
C40411,MA,35,7,3,,,,,
C40412,MA,56,11,0,,,,,
C40413,VT,25,7,0,4 Somewhat Satisfied,5 Very Satisfied,,,
C40414,MA,33,6,0,,,,,
C40415,VT,24,1,5,,,,,
C40416,MA,38,1,3,,,,,
C40417,MA,27,2,4,5 Very Satisfied,4 Somewhat Satisfied,,,
C40418,MA,30,12,3,,,,,
C40419,MA,26,11,0,5 Very Satisfied,4 Somewhat Satisfied,,,
C40420,MA,31,6,0,,,,,
C40421,VT,65,1,0,,,,,
C40422,MA,23,9,1,,,,,
C40423,MA,27,12,3,,,,,
C40424,MA,28,5,1,5 Very Satisfied,5 Very Satisfied,,,
C40425,CT,74,1,1,,,,,
C40426,VT,68,1,1,,,,,
C40427,MA,23,11,4,,,,,
C40428,CT,37,1,0,,,,,
C40429,MA,30,12,0,,,,,
C40430,CT,42,11,1,,,,,
C40431,MA,36,5,0,,,,,
C40432,MA,55,3,0,,,,,
C40433,MA,35,2,2,,,,,
C40434,RI,26,2,0,,,,,
C40435,VT,35,8,0,,,,,
C40436,MA,43,4,0,5 Very Satisfied,4 Somewhat Satisfied,,,
C40437,VT,25,2,0,,,,,
C40438,MA,24,10,1,,,,,
C40439,MA,28,1,1,,,,,
C40440,MA,55,8,1,,,,,
C40441,CA,36,12,3,,,,,
C40442,MA,47,2,0,5 Very Satisfied,5 Very Satisfied,,,
C40443,MA,27,2,2,,,,,
C40444,MA,33,1,0,,,,,
C40445,VT,28,7,1,,,,,
C40446,MA,32,7,2,,,,,
C40447,RI,36,6,0,4 Somewhat Satisfied,5 Very Satisfied,,,
C40448,MA,31,2,4,,,,,
C40449,CT,58,12,1,5 Very Satisfied,5 Very Satisfied,,,
C40450,MA,47,10,1,,,,,
C40451,NY,70,2,1,,,,,
C40452,VT,68,7,3,,,,,
C40453,MA,34,1,1,,,,,
C40454,CA,23,2,2,,,,,
C40455,VT,41,6,5,4 Somewhat Satisfied,4 Somewhat Satisfied,,,
C40456,VT,33,3,0,2 Somewhat Unsatisfied,4 Somewhat Satisfied,,,
C40457,MA,58,3,5,,,,,
C40458,MA,72,4,0,3 Neutral,2 Somewhat Unsatisfied,,,
C40459,MA,48,7,2,,,,,
C40460,MA,40,9,1,,,,,
C40461,NY,34,8,0,,,,,
C40462,RI,47,5,2,,,,,
C40463,MA,25,1,1,,,,,
C40464,MA,35,3,1,3 Neutral,3 Neutral,,,
C40465,NY,22,1,0,,,,,
C40466,MA,28,2,1,,,,,
C40467,MA,30,2,4,5 Very Satisfied,2 Somewhat Unsatisfied,,,
C40468,VT,66,9,0,2 Somewhat Unsatisfied,4 Somewhat Satisfied,,,
C40469,Massachusets,70,10,0,,,,,
C40470,MA,35,6,4,2 Somewhat Unsatisfied,5 Very Satisfied,,,
C40471,CT,23,2,0,,,,,
C40472,MA,28,10,0,,,,,
C40473,VT,25,11,2,,,,,
C40474,CT,28,5,0,2 Somewhat Unsatisfied,3 Neutral,,,
C40475,VT,30,4,0,,,,,
C40476,MA,74,12,2,,,,,
C40477,MA,22,11,0,,,,,
C40478,CT,23,6,2,,,,,
C40479,MA,71,8,0,,,,,
C40480,MA,35,7,3,,,,,
C40481,MA,35,5,0,,,,,
C40482,MA,55,12,2,,,,,
C40483,MA,43,8,1,3 Neutral,5 Very Satisfied,,,
C40484,MA,68,10,1,5 Very Satisfied,4 Somewhat Satisfied,,,
C40485,VT,25,9,1,,,,,
C40486,VT,34,1,0,,,,,
C40487,MA,32,5,3,,,,,
C40488,MA,73,8,5,4 Somewhat Satisfied,5 Very Satisfied,,,
C40489,VT,35,1,3,,,,,
C40490,VT,34,3,1,,,,,
C40491,MA,71,9,0,,,,,
C40492,RI,44,12,3,,,,,
C40493,MA,43,4,2,,,,,
C40494,VT,62,8,1,,,,,
C40495,MA,46,4,1,,,,,
C40496,MA,30,1,5,,,,,
C40497,MA,27,5,3,,,,,
C40498,MA,41,3,1,,,,,
C40499,MA,51,5,4,4 Somewhat Satisfied,2 Somewhat Unsatisfied,,,
C40500,MA,34,5,0,4 Somewhat Satisfied,5 Very Satisfied,,,
C40501,MA,25,8,4,,,,,
C40502,NY,22,9,0,,,,,
C40503,MA,32,3,4,3 Neutral,5 Very Satisfied,,,
C40504,MA,41,5,0,,,,,
C40505,RI,30,11,0,,,,,
C40506,MA,22,8,4,4 Somewhat Satisfied,4 Somewhat Satisfied,,,
C40507,MA,36,10,3,,,,,
C40508,MA,45,8,2,,,,,
C40509,MA,32,4,1,,,,,
C40510,MA,43,6,0,,,,,
C40511,VT,26,3,0,,,,,
C40512,MA,41,9,2,,,,,
C40513,MA,32,5,0,,,,,
C40514,VT,28,4,1,,,,,
C40515,MA,69,11,2,4 Somewhat Satisfied,4 Somewhat Satisfied,,,
C40516,VT,59,6,1,,,,,
C40517,VT,33,6,1,,,,,
C40518,MA,30,7,1,,,,,
C40519,VT,26,2,0,,,,,
C40520,MA,35,1,0,,,,,
C40521,MA,26,11,0,,,,,
C40522,VT,53,11,0,,,,,
C40523,MA,23,1,4,,,,,
C40524,NY,35,3,2,,,,,
C40525,VT,72,12,5,,,,,
C40526,MA,32,2,4,,,,,
C40527,RI,22,12,1,,,,,
C40528,MA,45,11,0,4 Somewhat Satisfied,5 Very Satisfied,,,
C40529,VT,73,1,1,,,,,
C40530,MA,29,3,2,,,,,
C40531,TX,59,9,0,4 Somewhat Satisfied,5 Very Satisfied,,,
C40532,MA,26,10,0,3 Neutral,4 Somewhat Satisfied,,,
C40533,MA,66,6,2,,,,,
C40534,VT,70,4,0,3 Neutral,4 Somewhat Satisfied,,,
C40535,MA,55,4,0,,,,,
C40536,MA,33,1,3,,,,,
C40537,MA,42,8,1,,,,,
C40538,VT,50,11,1,,,,,
C40539,MA,44,10,4,,,,,
C40540,CT,62,5,4,,,,,
C40541,NY,26,11,0,,,,,
C40542,MA,59,10,3,,,,,
C40543,VT,67,10,4,,,,,
C40544,MA,43,9,0,,,,,
C40545,CT,38,7,0,,,,,
C40546,Massachusetts,35,12,4,,,,,
C40547,MA,22,7,0,5 Very Satisfied,4 Somewhat Satisfied,,,
C40548,VT,24,8,2,5 Very Satisfied,3 Neutral,,,
C40549,MA,28,4,0,,,,,
C40550,VT,67,5,1,,,,,
C40551,MA,40,6,5,4 Somewhat Satisfied,5 Very Satisfied,,,
C40552,MA,30,8,0,,,,,
C40553,MA,32,9,0,,,,,
C40554,MA,24,10,0,,,,,
C40555,CT,28,1,4,3 Neutral,3 Neutral,,,
C40556,MA,32,2,2,,,,,
C40557,VT,48,11,1,,,,,
C40558,VT,41,10,0,,,,,
C40559,MA,23,8,1,,,,,
C40560,VT,68,12,5,4 Somewhat Satisfied,5 Very Satisfied,,,
C40561,MA,28,3,4,,,,,
C40562,Massachusetts,34,11,0,,,,,
C40563,VT,29,8,1,,,,,
C40564,MA,35,5,2,,,,,
C40565,MA,33,3,0,,,,,
C40566,MA,53,5,1,,,,,
C40567,VT,29,2,0,,,,,
C40568,MA,27,12,2,,,,,
C40569,MA,35,10,5,,,,,
C40570,CT,39,11,1,,,,,
C40571,MA,34,7,2,,,,,
C40572,MA,30,4,0,,,,,
C40573,MA,22,5,0,,,,,
C40574,NY,53,8,1,5 Very Satisfied,5 Very Satisfied,,,
C40575,CT,36,1,2,,,,,
C40576,MA,44,12,2,,,,,
C40577,MA,35,7,5,,,,,
C40578,MA,35,5,1,,,,,
C40579,MA,25,1,0,,,,,
C40580,CT,43,9,1,,,,,
C40581,VT,24,11,0,2 Somewhat Unsatisfied,4 Somewhat Satisfied,,,
C40582,VT,32,1,5,5 Very Satisfied,4 Somewhat Satisfied,,,
C40583,MA,33,5,1,,,,,
C40584,MA,47,11,0,,,,,
C40585,VT,69,5,1,,,,,
C40586,MA,29,1,0,,,,,
C40587,MA,35,5,0,2 Somewhat Unsatisfied,1 Very Unsatisfied,,,
C40588,MA,29,1,3,,,,,
C40589,VT,69,12,1,,,,,
C40590,VT,25,6,0,,,,,
C40591,MA,72,8,0,,,,,
C40592,VT,62,12,0,,,,,
C40593,MA,60,8,4,,,,,
C40594,VT,29,9,1,,,,,
C40595,MA,31,11,0,2 Somewhat Unsatisfied,4 Somewhat Satisfied,,,
C40596,MA,47,10,2,5 Very Satisfied,4 Somewhat Satisfied,,,
C40597,MA,25,1,0,,,,,
C40598,MA,33,12,0,,,,,
C40599,MA,24,4,4,,,,,
C40600,MA,37,4,1,,,,,
C40601,CT,23,12,2,,,,,
C40602,MA,37,8,0,,,,,
C40603,MA,55,9,4,,,,,
C40604,MA,29,9,1,,,,,
C40605,MA,51,12,1,,,,,
C40606,CT,23,11,3,,,,,
C40607,MA,32,7,0,,,,,
C40608,MA,33,10,4,4 Somewhat Satisfied,5 Very Satisfied,,,
C40609,MA,46,8,0,,,,,
C40610,MA,41,4,1,,,,,
C40611,VT,36,9,3,,,,,
C40612,MA,60,2,5,5 Very Satisfied,4 Somewhat Satisfied,,,
C40613,NY,46,8,1,5 Very Satisfied,3 Neutral,,,
C40614,NY,75,10,1,5 Very Satisfied,4 Somewhat Satisfied,,,
C40615,RI,67,5,3,,,,,
C40616,NY,30,11,1,,,,,
C40617,Mass,53,8,0,3 Neutral,2 Somewhat Unsatisfied,,,
C40618,VT,27,3,0,,,,,
C40619,CT,25,3,3,,,,,
C40620,TX,22,9,1,3 Neutral,5 Very Satisfied,,,
C40621,CT,46,3,3,,,,,
C40622,MA,60,4,2,3 Neutral,4 Somewhat Satisfied,,,
C40623,NY,23,6,3,,,,,
C40624,VT,26,3,0,5 Very Satisfied,4 Somewhat Satisfied,,,
C40625,MA,30,8,0,,,,,
C40626,MA,64,2,0,,,,,
C40627,MA,34,3,3,,,,,
C40628,MA,22,11,0,,,,,
C40629,MA,36,2,5,,,,,
C40630,MA,39,6,0,,,,,
C40631,MA,32,4,3,,,,,
C40632,VT,41,8,1,,,,,
C40633,MA,28,7,0,,,,,
C40634,MA,32,8,3,4 Somewhat Satisfied,5 Very Satisfied,,,
C40635,VT,50,9,1,,,,,
C40636,MA,41,11,2,,,,,
C40637,CT,25,10,1,,,,,
C40638,CT,22,1,1,3 Neutral,3 Neutral,,,
C40639,MA,22,9,0,,,,,
C40640,MA,49,2,0,,,,,
C40641,MA,26,9,0,3 Neutral,5 Very Satisfied,,,
C40642,MA,28,12,3,,,,,
C40643,VT,25,8,5,4 Somewhat Satisfied,5 Very Satisfied,,,
C40644,MA,62,1,1,5 Very Satisfied,3 Neutral,,,
C40645,MA,29,2,0,5 Very Satisfied,5 Very Satisfied,,,
C40646,VT,33,10,1,,,,,
C40647,MA,58,8,3,,,,,
C40648,MA,55,8,0,,,,,
C40649,MA,40,7,4,,,,,
C40650,VT,27,6,1,3 Neutral,5 Very Satisfied,,,
C40651,CT,72,7,4,,,,,
C40652,MA,33,8,2,,,,,
C40653,MA,29,8,5,,,,,
C40654,MA,36,7,4,,,,,
C40655,VT,44,11,0,,,,,
C40656,MA,30,3,5,,,,,
C40657,MA,31,1,1,,,,,
C40658,MA,39,2,1,,,,,
C40659,CA,47,7,0,,,,,
C40660,MA,52,4,4,,,,,
C40661,MA,66,4,0,,,,,
C40662,VT,39,8,5,,,,,
C40663,VT,39,9,0,,,,,
C40664,RI,29,8,4,,,,,
C40665,VT,26,5,0,,,,,
C40666,MA,30,11,1,,,,,
C40667,MA,31,12,3,,,,,
C40668,MA,31,12,2,,,,,
C40669,MA,24,12,3,,,,,
C40670,VT,24,1,0,,,,,
C40671,MA,45,7,0,,,,,
C40672,MA,35,12,4,3 Neutral,5 Very Satisfied,,,
C40673,TX,22,8,1,2 Somewhat Unsatisfied,5 Very Satisfied,,,
C40674,VT,26,12,0,,,,,
C40675,CA,45,2,0,,,,,
C40676,VT,34,3,0,,,,,
C40677,MA,63,9,4,,,,,
C40678,VT,46,12,2,3 Neutral,3 Neutral,,,
C40679,MA,31,6,4,2 Somewhat Unsatisfied,2 Somewhat Unsatisfied,,,
C40680,VT,54,5,5,3 Neutral,4 Somewhat Satisfied,,,
C40681,MA,0,0,0,4 Somewhat Satisfied,5 Very Satisfied,,,
C40682,VT,57,9,5,,,,,
C40683,MA,23,3,0,,,,,
C40684,MA,22,2,3,,,,,
C40685,MA,40,8,1,5 Very Satisfied,2 Somewhat Unsatisfied,,,
C40686,TX,38,12,1,3 Neutral,5 Very Satisfied,,,
C40687,MA,57,4,3,,,,,
C40688,VT,60,7,4,,,,,
C40689,MA,37,7,1,,,,,
C40690,MA,29,10,0,,,,,
C40691,MA,34,7,2,4 Somewhat Satisfied,4 Somewhat Satisfied,,,
C40692,Massachusetts,22,8,0,,,,,
C40693,MA,67,2,0,,,,,
C40694,VT,43,7,2,,,,,
C40695,VT,28,1,0,,,,,
C40696,MA,28,12,5,,,,,
C40697,CT,42,8,2,,,,,
C40698,VT,30,11,2,,,,,
C40699,CT,28,1,0,,,,,
C40700,RI,59,2,3,3 Neutral,4 Somewhat Satisfied,,,
C40701,MA,43,5,0,,,,,
C40702,VT,25,4,4,,,,,
C40703,MA,39,6,2,,,,,
C40704,VT,31,6,0,,,,,
C40705,VT,35,3,1,1 Very Unsatisfied,3 Neutral,,,
C40706,MA,52,2,4,,,,,
C40707,MA,66,1,4,,,,,
C40708,MA,65,6,1,,,,,
C40709,CT,34,10,0,,,,,
C40710,MA,52,10,2,,,,,
C40711,VT,27,6,3,,,,,
C40712,MA,72,10,4,,,,,
C40713,CT,30,10,0,,,,,
C40714,VT,32,8,1,,,,,
C40715,MA,23,12,0,,,,,
C40716,CT,28,8,4,,,,,
C40717,VT,24,9,4,,,,,
C40718,MA,29,4,0,,,,,
C40719,MA,23,8,4,,,,,
C40720,MA,73,2,1,,,,,
C40721,CT,41,7,1,,,,,
C40722,MA,24,8,0,,,,,
C40723,MA,28,12,5,4 Somewhat Satisfied,4 Somewhat Satisfied,,,
C40724,NY,48,9,1,,,,,
C40725,MA,29,9,2,,,,,
C40726,MA,24,10,0,5 Very Satisfied,5 Very Satisfied,,,
C40727,MA,58,4,1,,,,,
C40728,VT,46,8,1,,,,,
C40729,MA,40,6,1,3 Neutral,3 Neutral,,,
C40730,MA,28,9,0,,,,,
C40731,VT,24,6,1,,,,,
C40732,MA,75,2,0,3 Neutral,5 Very Satisfied,,,
C40733,MA,30,8,5,,,,,
C40734,MA,35,2,1,,,,,
C40735,MA,71,2,1,,,,,
C40736,RI,39,11,0,,,,,
C40737,CT,29,3,4,5 Very Satisfied,5 Very Satisfied,,,
C40738,MA,44,10,0,,,,,
C40739,MA,34,4,4,,,,,
C40740,CA,33,1,4,2 Somewhat Unsatisfied,3 Neutral,,,
C40741,MA,50,6,0,,,,,
C40742,VT,26,2,1,,,,,
C40743,CA,59,1,1,,,,,
C40744,MA,42,5,0,3 Neutral,4 Somewhat Satisfied,,,
C40745,MA,28,9,5,2 Somewhat Unsatisfied,2 Somewhat Unsatisfied,,,
C40746,VT,26,9,3,,,,,
C40747,VT,28,5,1,,,,,
C40748,VT,24,2,0,,,,,
C40749,VT,31,3,4,,,,,
C40750,VT,27,4,0,,,,,
C40751,MA,34,10,0,,,,,
C40752,VT,32,9,4,,,,,
C40753,VT,74,5,1,,,,,
C40754,MA,49,8,0,4 Somewhat Satisfied,5 Very Satisfied,,,
C40755,MA,33,7,1,3 Neutral,4 Somewhat Satisfied,,,
C40756,CT,31,11,5,,,,,
C40757,MA,35,1,5,,,,,
C40758,VT,33,6,5,,,,,
C40759,MA,25,2,5,,,,,
C40760,MA,42,7,0,,,,,
C40761,MA,70,12,0,,,,,
C40762,MA,45,3,1,,,,,
C40763,MA,45,10,3,,,,,
C40764,VT,64,4,5,,,,,
C40765,MA,45,10,0,4 Somewhat Satisfied,3 Neutral,,,
C40766,CA,37,8,1,,,,,
C40767,VT,51,8,1,,,,,
C40768,VT,71,4,3,,,,,
C40769,VT,45,8,0,,,,,
C40770,MA,35,12,5,,,,,
C40771,VT,37,9,2,,,,,
C40772,CT,34,11,5,,,,,
C40773,VT,32,11,1,,,,,
C40774,MA,47,1,0,,,,,
C40775,MA,47,1,5,3 Neutral,4 Somewhat Satisfied,,,
C40776,MA,33,12,4,,,,,
C40777,MA,33,11,0,,,,,
C40778,MA,26,1,0,,,,,
C40779,Massachusetts,49,12,5,,,,,
C40780,VT,33,10,1,,,,,
C40781,MA,40,6,1,,,,,
C40782,MA,25,6,2,,,,,
C40783,MA,66,5,1,,,,,
C40784,MA,40,12,2,,,,,
C40785,MA,32,1,4,4 Somewhat Satisfied,3 Neutral,,,
C40786,Massachusetts,73,5,1,,,,,
C40787,VT,63,1,0,,,,,
C40788,MA,23,9,2,,,,,
C40789,Conneticut,29,6,3,,,,,
C40790,MA,44,1,1,,,,,
C40791,MA,49,6,0,,,,,
C40792,MA,54,5,3,,,,,
C40793,MA,70,7,0,,,,,
C40794,MA,65,8,3,4 Somewhat Satisfied,5 Very Satisfied,,,
C40795,CA,37,4,2,,,,,
C40796,MA,45,11,4,4 Somewhat Satisfied,5 Very Satisfied,,,
C40797,CT,23,5,0,,,,,
C40798,MA,55,3,1,,,,,
C40799,RI,51,5,5,,,,,
C40800,MA,31,4,0,,,,,
C40801,MA,73,4,1,,,,,
C40802,VT,69,10,2,3 Neutral,5 Very Satisfied,,,
C40803,MA,72,11,3,,,,,
C40804,MA,27,12,0,,,,,
C40805,MA,25,4,0,2 Somewhat Unsatisfied,2 Somewhat Unsatisfied,,,
C40806,MA,56,6,1,,,,,
C40807,MA,23,7,3,3 Neutral,4 Somewhat Satisfied,,,
C40808,VT,35,11,0,,,,,
C40809,MA,31,6,0,,,,,
C40810,MA,23,6,4,5 Very Satisfied,4 Somewhat Satisfied,,,
C40811,VT,56,6,1,,,,,
C40812,MA,34,8,2,,,,,
C40813,VT,42,3,2,,,,,
C40814,RI,35,1,0,,,,,
C40815,MA,59,1,4,,,,,
C40816,MA,46,6,4,,,,,
C40817,MA,0,0,2,,,,,
C40818,MA,35,10,5,,,,,
C40819,MA,55,3,1,,,,,
C40820,MA,55,7,1,,,,,
C40821,MA,45,8,1,,,,,
C40822,MA,39,4,0,5 Very Satisfied,5 Very Satisfied,,,
C40823,MA,29,1,1,,,,,
C40824,MA,36,2,5,3 Neutral,5 Very Satisfied,,,
C40825,MA,58,11,2,2 Somewhat Unsatisfied,5 Very Satisfied,,,
C40826,MA,69,9,3,,,,,
C40827,TX,31,7,0,,,,,
C40828,MA,45,10,1,,,,,
C40829,TX,30,7,3,,,,,
C40830,MA,23,4,1,,,,,
C40831,NY,22,5,0,5 Very Satisfied,3 Neutral,,,
C40832,MA,31,4,3,,,,,
C40833,MA,23,11,5,,,,,
C40834,MA,24,1,2,2 Somewhat Unsatisfied,5 Very Satisfied,,,
C40835,MA,23,5,0,,,,,
C40836,RI,50,8,0,4 Somewhat Satisfied,4 Somewhat Satisfied,,,
C40837,VT,31,9,0,,,,,
C40838,VT,26,1,2,,,,,
C40839,MA,34,4,2,,,,,
C40840,MA,24,1,1,,,,,
C40841,VT,59,7,0,,,,,
C40842,VT,67,9,1,,,,,
C40843,MA,33,4,1,5 Very Satisfied,5 Very Satisfied,,,
C40844,VT,44,11,1,,,,,
C40845,MA,49,4,1,,,,,
C40846,MA,38,9,0,,,,,
C40847,MA,30,10,0,,,,,
C40848,MA,34,6,1,4 Somewhat Satisfied,4 Somewhat Satisfied,,,
C40849,Massachusetts,31,2,0,,,,,
C40850,MA,37,4,0,2 Somewhat Unsatisfied,3 Neutral,,,
C40851,MA,28,5,3,3 Neutral,5 Very Satisfied,,,
C40852,Massachusetts,35,3,2,,,,,
C40853,MA,30,2,5,,,,,
C40854,MA,23,12,0,,,,,
C40855,VT,35,2,1,,,,,
C40856,NY,27,2,0,,,,,
C40857,MA,33,11,0,5 Very Satisfied,4 Somewhat Satisfied,,,
C40858,MA,48,1,0,,,,,
C40859,MA,37,11,1,,,,,
C40860,VT,23,March,0,,,,,
C40861,MA,34,7,4,,,,,
C40862,VT,44,7,1,5 Very Satisfied,4 Somewhat Satisfied,,,
C40863,MA,48,6,0,4 Somewhat Satisfied,4 Somewhat Satisfied,,,
C40864,MA,28,2,0,,,,,
C40865,MA,35,3,0,,,,,
C40866,MA,34,9,4,,,,,
C40867,VT,56,6,1,,,,,
C40868,MA,49,2,0,,,,,
C40869,MA,34,4,0,,,,,
C40870,MA,43,10,1,,,,,
C40871,VT,52,4,4,,,,,
C40872,MA,26,1,0,,,,,
C40873,MA,22,4,2,,,,,
C40874,CT,32,4,1,,,,,
C40875,MA,31,10,4,,,,,
C40876,Massachusetts,30,3,1,4 Somewhat Satisfied,4 Somewhat Satisfied,,,
C40877,CT,36,11,5,,,,,
C40878,MA,74,8,0,,,,,
C40879,MA,32,8,4,,,,,
C40880,MA,23,11,4,,,,,
C40881,MA,56,3,5,,,,,
C40882,VT,24,1,4,,,,,
C40883,MA,41,12,0,,,,,
C40884,CT,57,4,0,,,,,
C40885,MA,58,4,3,,,,,
C40886,MA,31,3,1,,,,,
C40887,CT,49,12,3,,,,,
C40888,MA,33,6,1,,,,,
C40889,MA,33,1,0,5 Very Satisfied,5 Very Satisfied,,,
C40890,MA,30,9,0,,,,,
C40891,MA,29,4,5,,,,,
C40892,MA,38,7,2,,,,,
C40893,VT,30,5,0,,,,,
C40894,RI,33,4,2,,,,,
C40895,VT,60,4,0,4 Somewhat Satisfied,3 Neutral,,,
C40896,MA,29,9,0,,,,,
C40897,CT,29,11,0,4 Somewhat Satisfied,3 Neutral,,,
C40898,MA,43,6,1,2 Somewhat Unsatisfied,4 Somewhat Satisfied,,,
C40899,MA,67,3,2,,,,,
C40900,VT,26,11,0,4 Somewhat Satisfied,4 Somewhat Satisfied,,,
C40901,MA,47,3,1,4 Somewhat Satisfied,4 Somewhat Satisfied,,,
C40902,VT,40,3,2,3 Neutral,4 Somewhat Satisfied,,,
C40903,MA,34,5,3,,,,,
C40904,MA,37,11,0,,,,,
C40905,VT,33,5,2,,,,,
C40906,MA,23,1,1,,,,,
C40907,MA,53,2,1,4 Somewhat Satisfied,5 Very Satisfied,,,
C40908,MA,73,4,2,,,,,
C40909,RI,51,4,0,,,,,
C40910,VT,29,8,0,,,,,
C40911,MA,37,9,3,4 Somewhat Satisfied,3 Neutral,,,
C40912,MA,60,4,1,,,,,
C40913,MA,25,1,0,,,,,
C40914,MA,23,1,1,2 Somewhat Unsatisfied,5 Very Satisfied,,,
C40915,MA,34,2,1,,,,,
C40916,MA,63,1,1,,,,,
C40917,MA,52,10,1,,,,,
C40918,NY,30,4,3,4 Somewhat Satisfied,5 Very Satisfied,,,
C40919,MA,40,12,0,,,,,
C40920,CT,26,6,0,5 Very Satisfied,5 Very Satisfied,,,
C40921,VT,74,11,0,,,,,
C40922,CA,49,11,2,,,,,
C40923,MA,42,8,0,,,,,
C40924,RI,28,6,1,5 Very Satisfied,5 Very Satisfied,,,
C40925,MA,66,8,0,2 Somewhat Unsatisfied,5 Very Satisfied,,,
C40926,VT,33,10,0,,,,,
C40927,MA,66,7,1,,,,,
C40928,MA,24,4,3,,,,,
C40929,VT,44,5,4,,,,,
C40930,MA,29,10,0,,,,,
C40931,VT,57,11,0,,,,,
C40932,MA,35,5,0,,,,,
C40933,VT,44,9,4,,,,,
C40934,MA,35,3,5,,,,,
C40935,MA,27,8,2,,,,,
C40936,MA,73,8,0,,,,,
C40937,VT,32,3,0,,,,,
C40938,VT,36,2,4,,,,,
C40939,MA,28,4,3,,,,,
C40940,NY,33,11,2,,,,,
C40941,CT,39,11,0,,,,,
C40942,MA,44,11,0,,,,,
C40943,MA,29,7,5,4 Somewhat Satisfied,5 Very Satisfied,,,
C40944,VT,27,6,0,,,,,
C40945,MA,37,11,1,,,,,
C40946,CT,61,4,1,,,,,
C40947,VT,56,10,3,,,,,
C40948,RI,47,3,4,,,,,
C40949,MA,27,11,2,,,,,
C40950,VT,25,4,3,,,,,
C40951,MA,30,2,3,,,,,
C40952,MA,62,1,5,,,,,
C40953,MA,28,7,1,,,,,
C40954,VT,28,1,1,,,,,
C40955,CT,49,7,3,5 Very Satisfied,3 Neutral,,,
C40956,VT,25,10,0,,,,,
C40957,VT,28,6,3,,,,,
C40958,VT,62,7,1,4 Somewhat Satisfied,5 Very Satisfied,,,
C40959,MA,34,5,0,4 Somewhat Satisfied,5 Very Satisfied,,,
C40960,CT,38,9,4,,,,,
C40961,MA,45,3,1,4 Somewhat Satisfied,5 Very Satisfied,,,
C40962,NY,23,11,1,,,,,
C40963,MA,37,1,1,,,,,
C40964,VT,45,5,0,,,,,
C40965,MA,24,10,1,,,,,
C40966,VT,44,9,0,,,,,
C40967,VT,32,4,0,,,,,
C40968,CA,27,9,4,,,,,
C40969,MA,53,7,3,,,,,
C40970,MA,27,8,0,1 Very Unsatisfied,2 Somewhat Unsatisfied,,,
C40971,CT,24,4,1,3 Neutral,5 Very Satisfied,,,
C40972,CT,35,11,1,,,,,
C40973,MA,29,9,1,,,,,
C40974,MA,37,10,1,,,,,
C40975,MA,43,10,1,,,,,
C40976,MA,37,10,1,,,,,
C40977,MA,32,7,2,,,,,
C40978,MA,55,6,2,,,,,
C40979,VT,73,9,0,,,,,
C40980,CT,33,2,1,,,,,
C40981,MA,41,11,0,,,,,
C40982,NY,47,10,0,,,,,
C40983,VT,36,11,1,,,,,
C40984,MA,24,3,1,,,,,
C40985,MA,45,5,2,,,,,
C40986,MA,71,12,0,4 Somewhat Satisfied,5 Very Satisfied,,,
C40987,VT,25,2,0,,,,,
C40988,MA,30,1,0,,,,,
C40989,MA,43,10,0,,,,,
C40990,VT,71,12,2,,,,,
C40991,VT,25,1,2,,,,,
C40992,NY,69,10,0,,,,,
C40993,MA,26,5,0,,,,,
C40994,VT,67,1,0,4 Somewhat Satisfied,4 Somewhat Satisfied,,,
C40995,MA,33,3,4,,,,,
C40996,MA,74,8,1,,,,,
C40997,MA,39,6,1,4 Somewhat Satisfied,5 Very Satisfied,,,
C40998,VT,68,2,5,,,,,
C40999,MA,49,9,4,,,,,
C41000,NY,26,2,0,,,,,
C41001,MA,27,11,4,2 Somewhat Unsatisfied,3 Neutral,,,
C41002,VT,22,2,4,,,,,
C41003,VT,27,11,2,,,,,
C41004,MA,39,4,5,4 Somewhat Satisfied,4 Somewhat Satisfied,,,
C41005,VT,40,5,2,5 Very Satisfied,3 Neutral,,,
C41006,MA,25,4,0,,,,,
C41007,NY,34,3,4,,,,,
C41008,VT,28,11,1,3 Neutral,3 Neutral,,,
C41009,MA,34,1,1,,,,,
C41010,MA,24,1,1,,,,,
C41011,MA,71,11,0,,,,,
C41012,VT,52,5,5,,,,,
C41013,MA,33,8,5,,,,,
C41014,MA,65,5,2,,,,,
C41015,MA,24,9,3,5 Very Satisfied,4 Somewhat Satisfied,,,
C41016,MA,23,11,0,,,,,
C41017,VT,25,2,4,5 Very Satisfied,4 Somewhat Satisfied,,,
C41018,MA,31,8,1,,,,,
C41019,CT,34,1,0,,,,,
C41020,MA,69,5,1,,,,,
C41021,MA,44,6,1,2 Somewhat Unsatisfied,3 Neutral,,,
C41022,MA,25,11,1,,,,,
C41023,MA,54,7,0,,,,,
C41024,MA,27,3,1,4 Somewhat Satisfied,3 Neutral,,,
C41025,MA,28,3,2,,,,,
C41026,MA,28,2,1,,,,,
C41027,MA,42,12,0,,,,,
C41028,VT,25,12,5,,,,,
C41029,MA,42,4,0,,,,,
C41030,MA,24,5,2,,,,,
C41031,MA,54,6,2,,,,,
C41032,MA,49,4,0,2 Somewhat Unsatisfied,4 Somewhat Satisfied,,,
C41033,VT,23,9,1,,,,,
C41034,MA,34,9,0,,,,,
C41035,MA,25,9,5,,,,,
C41036,MA,26,4,0,,,,,
C41037,MA,38,5,0,,,,,
C41038,MA,33,7,2,5 Very Satisfied,5 Very Satisfied,,,
C41039,MA,39,5,2,,,,,
C41040,VT,43,9,4,,,,,
C41041,MA,26,9,5,5 Very Satisfied,3 Neutral,,,
C41042,MA,24,6,0,,,,,
C41043,VT,26,3,0,,,,,
C41044,CT,22,3,1,,,,,
C41045,MA,35,8,1,2 Somewhat Unsatisfied,5 Very Satisfied,,,
C41046,MA,41,5,0,,,,,
C41047,MA,54,6,0,,,,,
C41048,CT,44,7,1,,,,,
C41049,MA,33,8,1,,,,,
C41050,MA,73,2,2,,,,,
C41051,CT,39,8,4,,,,,
C41052,MA,26,7,1,4 Somewhat Satisfied,2 Somewhat Unsatisfied,,,
C41053,MA,33,1,3,,,,,
C41054,MA,27,9,0,,,,,
C41055,CT,60,4,1,,,,,
C41056,MA,26,5,0,,,,,
C41057,VT,35,10,0,,,,,
C41058,MA,49,11,0,2 Somewhat Unsatisfied,4 Somewhat Satisfied,,,
C41059,MA,24,12,5,,,,,
C41060,MA,28,3,1,,,,,
C41061,VT,35,1,3,,,,,
C41062,MA,72,6,3,,,,,
C41063,MA,27,1,0,3 Neutral,4 Somewhat Satisfied,,,
C41064,MA,55,12,1,,,,,
C41065,TX,25,8,2,,,,,
C41066,MA,68,1,3,2 Somewhat Unsatisfied,4 Somewhat Satisfied,,,
C41067,RI,27,11,1,,,,,
C41068,MA,36,3,0,,,,,
C41069,VT,22,3,1,,,,,
C41070,TX,39,7,0,,,,,
C41071,VT,35,9,5,,,,,
C41072,NY,31,6,0,,,,,
C41073,MA,30,9,1,,,,,
C41074,MA,38,7,2,,,,,
C41075,NY,34,9,4,,,,,
C41076,VT,35,10,3,3 Neutral,5 Very Satisfied,,,
C41077,NY,37,9,0,,,,,
C41078,CT,24,8,5,5 Very Satisfied,5 Very Satisfied,,,
C41079,MA,27,6,3,4 Somewhat Satisfied,5 Very Satisfied,,,
C41080,VT,34,6,5,4 Somewhat Satisfied,3 Neutral,,,
C41081,VT,49,5,0,,,,,
C41082,CT,48,12,0,,,,,
C41083,MA,61,1,0,,,,,
C41084,VT,32,2,5,,,,,
C41085,MA,65,10,0,3 Neutral,5 Very Satisfied,,,
C41086,MA,46,4,5,,,,,
C41087,CT,67,8,3,2 Somewhat Unsatisfied,3 Neutral,,,
C41088,MA,66,10,2,,,,,
C41089,VT,60,7,3,,,,,
C41090,MA,26,7,0,,,,,
C41091,MA,34,2,2,,,,,
C41092,VT,35,5,1,,,,,
C41093,MA,63,6,0,,,,,
C41094,MA,63,11,5,3 Neutral,4 Somewhat Satisfied,,,
C41095,CT,30,2,2,,,,,
C41096,VT,30,5,0,,,,,
C41097,RI,26,7,1,,,,,
C41098,MA,29,5,2,,,,,
C41099,VT,60,11,1,4 Somewhat Satisfied,3 Neutral,,,
C41100,CA,46,8,0,,,,,
C41101,MA,35,2,2,5 Very Satisfied,2 Somewhat Unsatisfied,,,
C41102,CT,29,3,5,5 Very Satisfied,4 Somewhat Satisfied,,,
C41103,MA,40,7,1,,,,,
C41104,VT,46,2,0,2 Somewhat Unsatisfied,4 Somewhat Satisfied,,,
C41105,Mass.,56,6,1,,,,,
C41106,MA,34,5,0,,,,,
C41107,VT,55,3,0,,,,,
C41108,MA,32,2,4,,,,,
C41109,VT,31,10,1,,,,,
C41110,CT,33,6,0,,,,,
C41111,VT,43,9,2,,,,,
C41112,VT,61,1,0,,,,,
C41113,MA,37,6,0,,,,,
C41114,MA,34,5,3,,,,,
C41115,MA,54,11,1,,,,,
C41116,MA,35,2,4,5 Very Satisfied,3 Neutral,,,
C41117,MA,37,9,5,,,,,
C41118,MA,36,4,0,,,,,
C41119,MA,46,12,1,,,,,
C41120,MA,59,3,5,,,,,
C41121,VT,64,1,0,,,,,
C41122,MA,44,11,0,,,,,
C41123,MA,35,3,0,,,,,
C41124,MA,41,1,2,,,,,
C41125,CT,26,7,3,,,,,
C41126,MA,24,2,2,,,,,
C41127,NY,46,11,1,,,,,
C41128,MA,46,2,4,,,,,
C41129,MA,36,11,3,,,,,
C41130,MA,33,8,1,2 Somewhat Unsatisfied,5 Very Satisfied,,,
C41131,TX,40,11,2,,,,,
C41132,MA,72,10,1,2 Somewhat Unsatisfied,3 Neutral,,,
C41133,MA,22,11,1,,,,,
C41134,MA,27,12,1,,,,,
C41135,CT,32,5,4,,,,,
C41136,MA,26,5,0,,,,,
C41137,MA,34,8,3,,,,,
C41138,CT,68,5,1,,,,,
C41139,Massachusetts,34,12,4,3 Neutral,5 Very Satisfied,,,
C41140,Conn.,66,6,0,,,,,
C41141,MA,34,6,3,,,,,
C41142,MA,45,8,0,,,,,
C41143,MA,35,4,4,,,,,
C41144,MA,37,12,4,,,,,
C41145,MA,26,1,3,,,,,
C41146,MA,38,12,5,,,,,
C41147,VT,55,7,1,,,,,
C41148,MA,34,10,4,,,,,
C41149,MA,42,12,1,,,,,
C41150,VT,26,9,0,,,,,
C41151,VT,22,12,2,,,,,
C41152,MA,35,5,1,,,,,
C41153,TX,25,7,1,3 Neutral,4 Somewhat Satisfied,,,
C41154,VT,30,1,0,4 Somewhat Satisfied,4 Somewhat Satisfied,,,
C41155,VT,70,5,5,,,,,
C41156,MA,28,5,5,,,,,
C41157,MA,30,7,3,,,,,
C41158,MA,59,4,3,,,,,
C41159,MA,25,6,1,,,,,
C41160,MA,47,11,1,,,,,
C41161,MA,32,11,1,,,,,
C41162,MA,29,6,5,,,,,
C41163,MA,29,4,0,,,,,
C41164,MA,35,5,2,,,,,
C41165,MA,25,1,1,4 Somewhat Satisfied,4 Somewhat Satisfied,,,
C41166,MA,40,1,0,5 Very Satisfied,5 Very Satisfied,,,
C41167,MA,35,9,4,,,,,
C41168,MA,34,4,0,,,,,
C41169,CT,34,4,1,,,,,
C41170,VT,24,6,5,,,,,
C41171,MA,33,2,0,3 Neutral,4 Somewhat Satisfied,,,
C41172,MA,35,12,0,2 Somewhat Unsatisfied,4 Somewhat Satisfied,,,
C41173,MA,73,9,1,,,,,
C41174,CT,29,10,0,3 Neutral,5 Very Satisfied,,,
C41175,VT,75,9,2,,,,,
C41176,CT,31,12,4,,,,,
C41177,MA,26,7,0,,,,,
C41178,MA,48,1,2,,,,,
C41179,MA,37,4,0,,,,,
C41180,MA,34,7,0,,,,,
C41181,MA,44,6,2,,,,,
C41182,MA,35,7,1,,,,,
C41183,MA,40,5,5,,,,,
C41184,CT,38,7,5,,,,,
C41185,MA,38,6,3,,,,,
C41186,MA,29,2,1,,,,,
C41187,VT,59,9,0,,,,,
C41188,MA,27,3,1,,,,,
C41189,CT,41,12,1,,,,,
C41190,MA,23,3,1,,,,,
C41191,VT,53,10,0,,,,,
C41192,MA,35,2,0,,,,,
C41193,VT,34,5,5,,,,,
C41194,VT,34,3,1,,,,,
C41195,MA,23,5,2,,,,,
C41196,VT,35,6,0,,,,,
C41197,MA,24,8,0,,,,,
C41198,VT,44,12,1,,,,,
C41199,MA,46,4,0,3 Neutral,5 Very Satisfied,,,
C41200,VT,44,6,0,,,,,
C41201,MA,44,7,1,,,,,
C41202,CT,25,8,5,,,,,
C41203,VT,43,7,1,,,,,
C41204,MA,33,9,2,,,,,
C41205,VT,25,5,0,,,,,
C41206,VT,36,3,3,,,,,
C41207,MA,22,5,0,,,,,
C41208,MA,63,10,1,,,,,
C41209,VT,52,6,5,3 Neutral,5 Very Satisfied,,,
C41210,NY,45,8,1,,,,,
C41211,MA,41,3,5,,,,,
C41212,TX,34,4,0,,,,,
C41213,MA,33,11,1,,,,,
C41214,VT,37,5,2,,,,,
C41215,RI,73,6,1,,,,,
C41216,VT,35,2,1,,,,,
C41217,MA,32,2,4,,,,,
C41218,CT,52,1,1,,,,,
C41219,MA,57,3,1,3 Neutral,3 Neutral,,,
C41220,VT,50,10,0,5 Very Satisfied,5 Very Satisfied,,,
C41221,MA,73,12,0,,,,,
C41222,VT,26,10,1,,,,,
C41223,MA,36,11,3,,,,,
C41224,RI,30,1,0,,,,,
C41225,VT,27,3,4,,,,,
C41226,VT,70,8,0,,,,,
C41227,MA,23,4,3,4 Somewhat Satisfied,4 Somewhat Satisfied,,,
C41228,MA,75,5,1,,,,,
C41229,MA,55,11,1,,,,,
C41230,MA,74,6,0,,,,,
C41231,MA,39,10,5,,,,,
C41232,MA,23,1,5,,,,,
C41233,VT,22,10,1,2 Somewhat Unsatisfied,4 Somewhat Satisfied,,,
C41234,RI,66,5,1,3 Neutral,4 Somewhat Satisfied,,,
C41235,CT,41,6,5,,,,,
C41236,NY,65,10,4,,,,,
C41237,MA,30,1,1,4 Somewhat Satisfied,3 Neutral,,,
C41238,MA,35,8,0,,,,,
C41239,VT,41,12,1,,,,,
C41240,MA,55,8,5,,,,,
C41241,VT,27,12,0,,,,,
C41242,VT,44,6,2,,,,,
C41243,MA,35,5,1,,,,,
C41244,MA,25,1,5,,,,,
C41245,RI,50,6,3,4 Somewhat Satisfied,4 Somewhat Satisfied,,,
C41246,VT,58,7,2,,,,,
C41247,MA,30,10,1,,,,,
C41248,MA,22,4,1,3 Neutral,5 Very Satisfied,,,
C41249,MA,37,9,2,5 Very Satisfied,5 Very Satisfied,,,
C41250,CT,22,10,2,5 Very Satisfied,3 Neutral,,,
C41251,MA,33,6,0,,,,,
C41252,MA,22,5,3,,,,,
C41253,CT,26,12,5,,,,,
C41254,MA,35,8,1,,,,,
C41255,MA,37,4,2,5 Very Satisfied,5 Very Satisfied,,,
C41256,MA,36,7,0,,,,,
C41257,MA,34,6,0,,,,,
C41258,MA,24,11,0,,,,,
C41259,MA,43,10,1,,,,,
C41260,VT,35,7,0,,,,,
C41261,MA,34,2,5,,,,,
C41262,MA,33,8,3,4 Somewhat Satisfied,3 Neutral,,,
C41263,VT,58,6,0,,,,,
C41264,VT,23,8,2,,,,,
C41265,MA,29,2,0,,,,,
C41266,VT,34,7,1,,,,,
C41267,VT,67,5,1,4 Somewhat Satisfied,3 Neutral,,,
C41268,VT,51,4,4,,,,,
C41269,MA,35,5,1,,,,,
C41270,VT,41,9,0,,,,,
C41271,VT,35,3,0,,,,,
C41272,CT,31,9,5,,,,,
C41273,MA,27,6,3,,,,,
C41274,NY,47,2,2,,,,,
C41275,NY,68,6,3,,,,,
C41276,MA,28,7,5,5 Very Satisfied,3 Neutral,,,
C41277,MA,22,8,3,,,,,
C41278,MA,34,9,3,3 Neutral,3 Neutral,,,
C41279,MA,30,4,0,5 Very Satisfied,4 Somewhat Satisfied,,,
C41280,MA,34,3,1,,,,,
C41281,MA,23,11,0,,,,,
C41282,MA,35,5,0,3 Neutral,3 Neutral,,,
C41283,VT,38,1,0,,,,,
C41284,VT,39,9,3,4 Somewhat Satisfied,5 Very Satisfied,,,
C41285,VT,30,8,0,,,,,
C41286,CA,47,12,0,,,,,
C41287,VT,38,1,2,,,,,
C41288,MA,46,6,0,,,,,
C41289,MA,25,1,0,4 Somewhat Satisfied,4 Somewhat Satisfied,,,
C41290,MA,31,4,3,4 Somewhat Satisfied,5 Very Satisfied,,,
C41291,VT,23,11,3,,,,,
C41292,RI,34,11,0,,,,,
C41293,MA,55,6,0,,,,,
C41294,MA,43,11,0,,,,,
C41295,MA,71,9,1,,,,,
C41296,VT,28,10,4,,,,,
C41297,VT,23,7,5,4 Somewhat Satisfied,4 Somewhat Satisfied,,,
C41298,VT,72,10,3,2 Somewhat Unsatisfied,3 Neutral,,,
C41299,MA,23,10,1,4 Somewhat Satisfied,4 Somewhat Satisfied,,,
C41300,MA,25,4,3,,,,,
C41301,MA,33,3,3,,,,,
C41302,MA,41,1,5,,,,,
C41303,MA,73,10,2,,,,,
C41304,MA,24,6,1,,,,,
C41305,VT,40,11,2,,,,,
C41306,VT,34,1,2,,,,,
C41307,VT,69,2,0,,,,,
C41308,VT,27,12,0,,,,,
C41309,CT,22,8,5,,,,,
C41310,MA,37,7,3,,,,,
C41311,MA,32,11,0,,,,,
C41312,CT,28,5,1,,,,,
C41313,VT,35,1,0,,,,,
C41314,MA,38,1,2,3 Neutral,4 Somewhat Satisfied,,,
C41315,RI,25,2,0,,,,,
C41316,MA,33,12,1,,,,,
C41317,MA,24,3,1,5 Very Satisfied,5 Very Satisfied,,,
C41318,VT,35,10,1,,,,,
C41319,MA,63,5,0,,,,,
C41320,MA,30,5,4,,,,,
C41321,VT,33,4,1,,,,,
C41322,CT,24,1,5,,,,,
C41323,VT,28,7,5,,,,,
C41324,MA,30,1,0,4 Somewhat Satisfied,4 Somewhat Satisfied,,,
C41325,VT,41,11,1,,,,,
C41326,MA,37,11,0,,,,,
C41327,MA,47,6,0,,,,,
C41328,VT,34,7,2,,,,,
C41329,MA,46,8,4,,,,,
C41330,MA,35,8,3,,,,,
C41331,NY,46,6,2,,,,,
C41332,VT,46,6,4,,,,,
C41333,MA,39,11,1,,,,,
C41334,MA,33,1,1,,,,,
C41335,MA,32,9,0,,,,,
C41336,VT,46,6,3,,,,,
C41337,NY,24,10,2,5 Very Satisfied,5 Very Satisfied,,,
C41338,MA,75,4,0,,,,,
C41339,TX,57,6,1,,,,,
C41340,VT,39,6,4,,,,,
C41341,MA,71,5,0,,,,,
C41342,MA,25,9,4,,,,,
C41343,CT,30,2,3,3 Neutral,5 Very Satisfied,,,
C41344,VT,22,12,0,,,,,
C41345,MA,24,4,1,,,,,
C41346,MA,35,11,2,,,,,
C41347,RI,35,2,1,,,,,
C41348,MA,23,4,2,,,,,
C41349,MA,44,5,1,,,,,
C41350,MA,25,3,3,,,,,
C41351,MA,42,5,2,,,,,
C41352,NY,32,7,0,4 Somewhat Satisfied,4 Somewhat Satisfied,,,
C41353,MA,27,1,3,,,,,
C41354,MA,48,12,1,,,,,
C41355,NY,44,Mar,1,,,,,
C41356,NY,37,1,0,,,,,
C41357,MA,25,6,2,,,,,
C41358,MA,37,10,1,,,,,
C41359,VT,45,10,2,,,,,
C41360,TX,33,8,0,,,,,
C41361,VT,35,3,0,,,,,
C41362,MA,40,11,5,,,,,
C41363,MA,41,9,0,,,,,
C41364,TX,24,1,4,,,,,
C41365,MA,40,1,3,,,,,
C41366,MA,59,4,1,,,,,
C41367,MA,35,9,4,5 Very Satisfied,5 Very Satisfied,,,
C41368,VT,46,11,1,,,,,
C41369,VT,35,3,0,,,,,
C41370,CT,27,5,1,,,,,
C41371,VT,59,1,5,4 Somewhat Satisfied,5 Very Satisfied,,,
C41372,MA,25,6,2,,,,,
C41373,Massachusetts,22,10,1,,,,,
C41374,MA,27,7,3,,,,,
C41375,NY,27,2,4,,,,,
C41376,MA,34,8,0,5 Very Satisfied,5 Very Satisfied,,,
C41377,MA,22,8,1,5 Very Satisfied,4 Somewhat Satisfied,,,
C41378,MA,34,10,0,,,,,
C41379,MA,29,6,1,5 Very Satisfied,3 Neutral,,,
C41380,RI,43,2,0,5 Very Satisfied,3 Neutral,,,
C41381,MA,28,February,4,,,,,
C41382,MA,40,2,0,,,,,
C41383,MA,43,7,0,,,,,
C41384,VT,46,10,3,4 Somewhat Satisfied,5 Very Satisfied,,,
C41385,VT,36,1,1,,,,,
C41386,MA,23,12,0,,,,,
C41387,CT,67,5,0,,,,,
C41388,MA,52,6,3,,,,,
C41389,MA,28,12,3,,,,,
C41390,VT,57,12,1,,,,,
C41391,MA,29,3,2,,,,,
C41392,RI,29,11,1,,,,,
C41393,MA,37,8,0,,,,,
C41394,MA,34,7,2,,,,,
C41395,NY,29,3,4,,,,,
C41396,VT,61,6,5,,,,,
C41397,VT,27,3,1,,,,,
C41398,VT,43,6,4,,,,,
C41399,VT,33,1,1,,,,,
C41400,MA,34,8,1,,,,,
C41401,VT,32,12,5,,,,,
C41402,MA,54,3,0,,,,,
C41403,MA,33,8,1,,,,,
C41404,VT,22,12,1,,,,,
C41405,MA,57,9,1,5 Very Satisfied,5 Very Satisfied,,,
C41406,MA,62,11,4,,,,,
C41407,MA,28,6,0,,,,,
C41408,VT,70,2,2,,,,,
C41409,RI,32,5,1,3 Neutral,4 Somewhat Satisfied,,,
C41410,MA,29,9,0,2 Somewhat Unsatisfied,3 Neutral,,,
C41411,NY,66,7,1,,,,,
C41412,MA,44,9,0,,,,,
C41413,MA,68,12,4,5 Very Satisfied,4 Somewhat Satisfied,,,
C41414,MA,27,9,1,3 Neutral,4 Somewhat Satisfied,,,
C41415,MA,27,4,1,,,,,
C41416,MA,26,11,0,,,,,
C41417,VT,68,6,0,4 Somewhat Satisfied,5 Very Satisfied,,,
C41418,VT,34,6,0,,,,,
C41419,CT,26,4,0,,,,,
C41420,MA,60,5,0,,,,,
C41421,MA,42,5,2,,,,,
C41422,MA,34,9,5,,,,,
C41423,VT,26,5,3,4 Somewhat Satisfied,3 Neutral,,,
C41424,MA,34,4,2,,,,,
C41425,VT,26,6,3,,,,,
C41426,MA,43,12,1,4 Somewhat Satisfied,5 Very Satisfied,,,
C41427,VT,30,1,3,,,,,
C41428,TX,41,7,0,,,,,
C41429,MA,71,4,3,3 Neutral,5 Very Satisfied,,,
C41430,VT,60,8,4,,,,,
C41431,MA,48,1,4,5 Very Satisfied,5 Very Satisfied,,,
C41432,VT,23,8,4,,,,,
C41433,RI,57,6,3,,,,,
C41434,VT,34,12,1,,,,,
C41435,VT,68,6,1,,,,,
C41436,MA,41,9,1,,,,,
C41437,NY,42,5,1,,,,,
C41438,VT,42,10,0,,,,,
C41439,VT,24,2,4,,,,,
C41440,MA,28,5,0,,,,,
C41441,MA,24,9,3,,,,,
C41442,CA,29,1,5,,,,,
C41443,CT,24,7,2,,,,,
C41444,MA,25,10,0,,,,,
C41445,MA,25,7,5,,,,,
C41446,MA,41,1,2,,,,,
C41447,VT,28,5,0,,,,,
C41448,VT,33,9,1,,,,,
C41449,RI,43,6,5,4 Somewhat Satisfied,5 Very Satisfied,,,
C41450,MA,67,5,0,,,,,
C41451,MA,61,11,0,,,,,
C41452,MA,46,7,5,,,,,
C41453,MA,33,8,0,5 Very Satisfied,4 Somewhat Satisfied,,,
C41454,MA,33,10,5,2 Somewhat Unsatisfied,3 Neutral,,,
C41455,MA,22,8,1,,,,,
C41456,VT,33,3,3,,,,,
C41457,MA,70,1,0,4 Somewhat Satisfied,5 Very Satisfied,,,
C41458,MA,31,10,5,,,,,
C41459,VT,73,6,1,,,,,
C41460,VT,45,4,5,2 Somewhat Unsatisfied,5 Very Satisfied,,,
C41461,MA,46,2,1,,,,,
C41462,MA,50,4,1,,,,,
C41463,MA,56,10,0,5 Very Satisfied,4 Somewhat Satisfied,,,
C41464,VT,42,2,1,,,,,
C41465,MA,46,2,5,4 Somewhat Satisfied,3 Neutral,,,
C41466,MA,60,3,0,,,,,
C41467,VT,31,2,1,,,,,
C41468,CA,66,6,0,,,,,
C41469,VT,34,9,0,5 Very Satisfied,5 Very Satisfied,,,
C41470,VT,28,1,0,5 Very Satisfied,5 Very Satisfied,,,
C41471,MA,64,5,1,5 Very Satisfied,4 Somewhat Satisfied,,,
C41472,MA,42,4,1,,,,,
C41473,MA,38,9,0,,,,,
C41474,MA,25,1,0,,,,,
C41475,VT,60,10,1,4 Somewhat Satisfied,4 Somewhat Satisfied,,,
C41476,MA,23,11,1,,,,,
C41477,MA,28,9,0,,,,,
C41478,MA,23,12,0,,,,,
C41479,VT,33,10,1,1 Very Unsatisfied,1 Very Unsatisfied,,,
C41480,MA,42,12,4,,,,,
C41481,MA,31,7,1,3 Neutral,5 Very Satisfied,,,
C41482,VT,30,11,1,,,,,
C41483,MA,50,11,2,4 Somewhat Satisfied,3 Neutral,,,
C41484,MA,28,1,1,,,,,
C41485,VT,34,5,5,,,,,
C41486,MA,35,7,4,,,,,
C41487,MA,30,10,0,,,,,
C41488,MA,43,7,0,,,,,
C41489,MA,43,11,2,4 Somewhat Satisfied,5 Very Satisfied,,,
C41490,MA,27,9,1,,,,,
C41491,VT,24,5,1,,,,,
C41492,VT,45,9,0,,,,,
C41493,VT,52,5,1,,,,,
C41494,MA,32,2,5,5 Very Satisfied,4 Somewhat Satisfied,,,
C41495,MA,40,5,1,5 Very Satisfied,4 Somewhat Satisfied,,,
C41496,NY,45,5,0,,,,,
C41497,CA,36,2,5,4 Somewhat Satisfied,5 Very Satisfied,,,
C41498,VT,43,5,2,,,,,
C41499,NY,44,4,4,,,,,
C41500,VT,45,6,5,5 Very Satisfied,5 Very Satisfied,,,
C41501,MA,29,4,2,,,,,
C41502,VT,72,11,3,,,,,
C41503,VT,39,1,1,,,,,
C41504,VT,25,1,2,,,,,
C41505,MA,29,2,0,,,,,
C41506,MA,46,2,3,,,,,
C41507,MA,53,1,1,,,,,
C41508,MA,34,1,2,,,,,
C41509,MA,28,12,0,,,,,
C41510,MA,54,5,1,,,,,
C41511,MA,23,5,5,,,,,
C41512,CA,35,11,3,4 Somewhat Satisfied,4 Somewhat Satisfied,,,
C41513,MA,68,6,3,,,,,
C41514,Massachusetts,46,8,1,,,,,
C41515,MA,22,1,3,,,,,
C41516,MA,29,4,3,5 Very Satisfied,3 Neutral,,,
C41517,MA,33,12,1,,,,,
C41518,MA,57,8,2,,,,,
C41519,MA,27,12,1,,,,,
C41520,MA,50,10,0,,,,,
C41521,CA,45,1,0,5 Very Satisfied,3 Neutral,,,
C41522,MA,30,8,1,5 Very Satisfied,5 Very Satisfied,,,
C41523,MA,46,3,3,,,,,
C41524,CT,28,9,2,,,,,
C41525,VT,41,4,1,,,,,
C41526,MA,30,12,0,4 Somewhat Satisfied,4 Somewhat Satisfied,,,
C41527,CT,25,6,1,4 Somewhat Satisfied,3 Neutral,,,
C41528,MA,26,3,4,,,,,
C41529,NY,51,11,5,,,,,
C41530,VT,32,1,0,,,,,
C41531,MA,36,4,4,,,,,
C41532,MA,72,10,5,,,,,
C41533,MA,30,7,0,,,,,
C41534,MA,26,6,1,,,,,
C41535,CT,60,9,3,,,,,
C41536,MA,43,3,0,,,,,
C41537,VT,26,8,0,,,,,
C41538,MA,35,5,0,,,,,
C41539,MA,24,6,3,5 Very Satisfied,4 Somewhat Satisfied,,,
C41540,CT,34,12,0,,,,,
C41541,VT,50,12,0,,,,,
C41542,VT,22,8,0,,,,,
C41543,VT,33,2,1,,,,,
C41544,MA,22,10,1,,,,,
C41545,VT,34,8,4,,,,,
C41546,MA,22,2,5,,,,,
C41547,CT,46,5,0,,,,,
C41548,MA,29,8,4,,,,,
C41549,MA,32,11,0,,,,,
C41550,VT,23,10,0,,,,,
C41551,MA,46,12,4,,,,,
C41552,MA,28,2,5,,,,,
C41553,MA,35,12,0,,,,,
C41554,MA,34,10,0,,,,,
C41555,MA,58,4,5,2 Somewhat Unsatisfied,4 Somewhat Satisfied,,,
C41556,MA,57,4,1,,,,,
C41557,MA,28,11,4,5 Very Satisfied,4 Somewhat Satisfied,,,
C41558,MA,27,6,5,,,,,
C41559,MA,27,10,0,5 Very Satisfied,4 Somewhat Satisfied,,,
C41560,MA,37,7,2,,,,,
C41561,VT,63,Apr.,0,,,,,
C41562,MA,36,12,1,,,,,
C41563,MA,32,11,1,,,,,
C41564,VT,56,1,3,,,,,
C41565,CA,26,8,0,,,,,
C41566,MA,38,6,3,,,,,
C41567,RI,44,3,3,,,,,
C41568,MA,37,9,1,,,,,
C41569,CT,28,2,1,,,,,
C41570,CT,54,9,5,,,,,
C41571,MA,35,2,3,,,,,
C41572,MA,59,4,1,4 Somewhat Satisfied,3 Neutral,,,
C41573,MA,23,2,0,4 Somewhat Satisfied,5 Very Satisfied,,,
C41574,NY,26,8,0,5 Very Satisfied,4 Somewhat Satisfied,,,
C41575,MA,37,3,3,5 Very Satisfied,4 Somewhat Satisfied,,,
C41576,MA,73,4,1,,,,,
C41577,MA,63,1,5,,,,,
C41578,MA,33,3,5,,,,,
C41579,MA,44,2,0,4 Somewhat Satisfied,5 Very Satisfied,,,
C41580,MA,34,4,4,,,,,
C41581,CT,41,6,0,,,,,
C41582,MA,57,12,3,3 Neutral,3 Neutral,,,
C41583,MA,32,2,5,5 Very Satisfied,4 Somewhat Satisfied,,,
C41584,MA,31,8,0,,,,,
C41585,MA,53,11,1,,,,,
C41586,MA,30,6,0,,,,,
C41587,VT,32,1,4,,,,,
C41588,TX,71,7,1,4 Somewhat Satisfied,5 Very Satisfied,,,
C41589,VT,64,9,2,,,,,
C41590,MA,27,12,1,,,,,
C41591,CT,29,6,0,5 Very Satisfied,4 Somewhat Satisfied,,,
C41592,RI,29,1,4,,,,,
C41593,MA,55,9,4,,,,,
C41594,MA,37,12,5,,,,,
C41595,MA,25,1,0,,,,,
C41596,VT,29,6,0,,,,,
C41597,NY,46,7,0,,,,,
C41598,MA,45,2,4,,,,,
C41599,MA,35,3,1,,,,,
C41600,VT,25,7,2,,,,,
C41601,MA,34,4,5,,,,,
C41602,NY,73,5,0,,,,,
C41603,VT,53,9,0,,,,,
C41604,VT,24,7,3,,,,,
C41605,MA,34,5,4,,,,,
C41606,NY,50,8,0,4 Somewhat Satisfied,4 Somewhat Satisfied,,,
C41607,MA,35,7,0,,,,,
C41608,VT,34,5,1,,,,,
C41609,MA,37,11,1,,,,,
C41610,CA,43,2,4,4 Somewhat Satisfied,5 Very Satisfied,,,
C41611,MA,40,10,0,,,,,
C41612,MA,60,11,3,,,,,
C41613,MA,29,11,3,,,,,
C41614,MA,35,1,1,,,,,
C41615,VT,26,3,2,,,,,
C41616,CT,40,3,1,,,,,
C41617,MA,23,1,4,,,,,
C41618,VT,52,3,0,5 Very Satisfied,4 Somewhat Satisfied,,,
C41619,MA,34,2,2,,,,,
C41620,MA,48,11,0,,,,,
C41621,MA,22,2,5,,,,,
C41622,CT,51,8,3,,,,,
C41623,MA,46,4,1,,,,,
C41624,MA,39,2,2,,,,,
C41625,VT,50,1,4,,,,,
C41626,MA,57,12,0,,,,,
C41627,MA,34,1,1,5 Very Satisfied,4 Somewhat Satisfied,,,
C41628,CT,26,10,1,,,,,
C41629,MA,35,2,1,,,,,
C41630,MA,45,4,5,,,,,
C41631,MA,39,5,5,,,,,
C41632,MA,27,1,0,,,,,
C41633,MA,24,8,0,2 Somewhat Unsatisfied,5 Very Satisfied,,,
C41634,VT,62,5,1,,,,,
C41635,MA,61,5,0,,,,,
C41636,VT,35,1,3,,,,,
C41637,MA,44,5,4,,,,,
C41638,MA,55,2,0,,,,,
C41639,MA,69,6,1,,,,,
C41640,MA,74,8,1,,,,,
C41641,MA,40,5,1,4 Somewhat Satisfied,4 Somewhat Satisfied,,,
C41642,CA,45,4,1,,,,,
C41643,MA,25,10,0,,,,,
C41644,VT,25,7,3,,,,,
C41645,MA,22,4,3,,,,,
C41646,MA,27,9,1,,,,,
C41647,MA,27,6,0,,,,,
C41648,MA,52,11,3,,,,,
C41649,VT,71,6,5,,,,,
C41650,MA,26,2,3,5 Very Satisfied,5 Very Satisfied,,,
C41651,MA,29,4,1,,,,,
C41652,VT,55,12,4,4 Somewhat Satisfied,5 Very Satisfied,,,
C41653,MA,32,3,0,,,,,
C41654,MA,35,10,2,5 Very Satisfied,4 Somewhat Satisfied,,,
C41655,MA,29,4,2,,,,,
C41656,MA,46,4,1,,,,,
C41657,VT,22,9,3,,,,,
C41658,MA,41,8,1,,,,,
C41659,MA,28,12,1,,,,,
C41660,MA,42,10,1,4 Somewhat Satisfied,5 Very Satisfied,,,
C41661,MA,25,10,5,,,,,
C41662,MA,49,2,1,,,,,
C41663,VT,51,1,5,,,,,
C41664,MA,24,12,3,,,,,
C41665,MA,26,3,3,,,,,
C41666,MA,22,12,0,,,,,
C41667,VT,35,7,0,,,,,
C41668,CA,39,7,5,,,,,
C41669,MA,74,8,3,,,,,
C41670,CT,27,1,1,4 Somewhat Satisfied,5 Very Satisfied,,,
C41671,Conn.,30,4,0,,,,,
C41672,RI,27,5,1,,,,,
C41673,MA,24,5,4,1 Very Unsatisfied,1 Very Unsatisfied,,,
C41674,VT,35,4,0,,,,,
C41675,VT,58,9,0,3 Neutral,4 Somewhat Satisfied,,,
C41676,MA,43,10,2,5 Very Satisfied,5 Very Satisfied,,,
C41677,Massachusetts,23,1,5,,,,,
C41678,TX,25,3,1,4 Somewhat Satisfied,4 Somewhat Satisfied,,,
C41679,MA,43,10,3,,,,,
C41680,MA,24,3,0,,,,,
C41681,MA,69,12,2,,,,,
C41682,MA,29,5,4,,,,,
C41683,MA,72,4,4,,,,,
C41684,CT,67,1,1,,,,,
C41685,MA,22,11,5,,,,,
C41686,MA,22,Feb.,1,5 Very Satisfied,4 Somewhat Satisfied,,,
C41687,VT,25,1,5,,,,,
C41688,NY,27,11,1,3 Neutral,5 Very Satisfied,,,
C41689,MA,23,12,0,,,,,
C41690,VT,26,1,5,5 Very Satisfied,5 Very Satisfied,,,
C41691,MA,40,5,0,,,,,
C41692,MA,28,4,4,,,,,
C41693,MA,33,10,2,,,,,
C41694,MA,22,8,5,,,,,
C41695,VT,26,8,4,4 Somewhat Satisfied,4 Somewhat Satisfied,,,
C41696,CT,34,6,4,3 Neutral,5 Very Satisfied,,,
C41697,MA,51,6,3,,,,,
C41698,VT,25,10,4,,,,,
C41699,VT,31,5,5,,,,,
C41700,VT,44,2,3,5 Very Satisfied,5 Very Satisfied,,,
C41701,MA,51,12,1,,,,,
C41702,MA,26,2,2,,,,,
C41703,MA,48,10,1,4 Somewhat Satisfied,4 Somewhat Satisfied,,,
C41704,MA,35,4,4,,,,,
C41705,VT,68,1,0,,,,,
C41706,MA,38,2,2,,,,,
C41707,MA,65,1,0,2 Somewhat Unsatisfied,4 Somewhat Satisfied,,,
C41708,VT,59,1,3,3 Neutral,4 Somewhat Satisfied,,,
C41709,VT,29,2,2,3 Neutral,5 Very Satisfied,,,
C41710,VT,25,10,0,,,,,
C41711,VT,75,5,0,5 Very Satisfied,5 Very Satisfied,,,
C41712,MA,25,12,0,,,,,
C41713,MA,61,2,5,,,,,
C41714,VT,29,10,0,,,,,
C41715,MA,27,4,0,,,,,
C41716,VT,36,2,0,,,,,
C41717,VT,56,3,3,,,,,
C41718,MA,50,12,5,,,,,
C41719,CT,32,8,5,,,,,
C41720,VT,24,2,5,5 Very Satisfied,4 Somewhat Satisfied,,,
C41721,VT,35,8,0,,,,,
C41722,RI,32,6,2,,,,,
C41723,VT,30,11,1,4 Somewhat Satisfied,5 Very Satisfied,,,
C41724,VT,26,5,0,3 Neutral,5 Very Satisfied,,,
C41725,MA,44,3,1,4 Somewhat Satisfied,5 Very Satisfied,,,
C41726,VT,51,4,1,,,,,
C41727,VT,27,12,1,,,,,
C41728,RI,55,7,3,,,,,
C41729,MA,30,10,0,5 Very Satisfied,4 Somewhat Satisfied,,,
C41730,MA,23,8,0,,,,,
C41731,MA,71,7,0,,,,,
C41732,MA,36,12,2,,,,,
C41733,NY,29,9,1,,,,,
C41734,VT,40,3,0,,,,,
C41735,VT,62,10,4,,,,,
C41736,MA,31,9,0,4 Somewhat Satisfied,4 Somewhat Satisfied,,,
C41737,MA,32,5,1,4 Somewhat Satisfied,5 Very Satisfied,,,
C41738,MA,31,9,0,,,,,
C41739,CA,26,10,1,,,,,
C41740,MA,23,11,0,,,,,
C41741,MA,34,11,0,2 Somewhat Unsatisfied,5 Very Satisfied,,,
C41742,MA,35,9,0,,,,,
C41743,MA,31,5,3,3 Neutral,5 Very Satisfied,,,
C41744,VT,55,5,4,5 Very Satisfied,5 Very Satisfied,,,
C41745,VT,22,7,2,3 Neutral,4 Somewhat Satisfied,,,
C41746,VT,27,11,2,4 Somewhat Satisfied,4 Somewhat Satisfied,,,
C41747,MA,65,4,1,3 Neutral,4 Somewhat Satisfied,,,
C41748,MA,44,7,0,,,,,
C41749,RI,43,5,2,,,,,
C41750,CA,27,7,0,,,,,
C41751,MA,35,10,4,,,,,
C41752,MA,36,2,4,,,,,
C41753,VT,59,7,1,3 Neutral,3 Neutral,,,
C41754,MA,45,5,0,,,,,
C41755,MA,30,3,0,,,,,
C41756,MA,34,11,4,,,,,
C41757,CT,49,6,0,5 Very Satisfied,4 Somewhat Satisfied,,,
C41758,Massachusetts,28,11,1,5 Very Satisfied,5 Very Satisfied,,,
C41759,MA,25,10,1,,,,,
C41760,VT,26,3,3,,,,,
C41761,VT,42,8,0,,,,,
C41762,MA,48,12,1,,,,,
C41763,MA,23,9,0,3 Neutral,5 Very Satisfied,,,
C41764,MA,34,4,2,,,,,
C41765,VT,27,9,0,5 Very Satisfied,4 Somewhat Satisfied,,,
C41766,MA,42,8,3,,,,,
C41767,VT,34,6,3,,,,,
C41768,MA,31,8,5,3 Neutral,4 Somewhat Satisfied,,,
C41769,VT,42,5,4,4 Somewhat Satisfied,5 Very Satisfied,,,
C41770,Massachusetts,31,10,5,4 Somewhat Satisfied,4 Somewhat Satisfied,,,
C41771,MA,26,12,0,,,,,
C41772,VT,74,1,0,2 Somewhat Unsatisfied,5 Very Satisfied,,,
C41773,MA,46,11,0,,,,,
C41774,MA,60,9,2,5 Very Satisfied,3 Neutral,,,
C41775,MA,25,11,1,,,,,
C41776,MA,30,12,1,,,,,
C41777,MA,43,11,5,2 Somewhat Unsatisfied,5 Very Satisfied,,,
C41778,MA,32,9,0,2 Somewhat Unsatisfied,4 Somewhat Satisfied,,,
C41779,MA,27,3,0,,,,,
C41780,VT,59,1,0,4 Somewhat Satisfied,4 Somewhat Satisfied,,,
C41781,MA,56,5,2,3 Neutral,5 Very Satisfied,,,
C41782,CT,45,6,0,,,,,
C41783,MA,25,12,1,,,,,
C41784,MA,38,11,0,,,,,
C41785,MA,25,2,3,,,,,
C41786,MA,44,2,4,,,,,
C41787,VT,32,1,3,,,,,
C41788,VT,32,4,5,,,,,
C41789,MA,31,6,2,,,,,
C41790,NY,52,3,2,4 Somewhat Satisfied,5 Very Satisfied,,,
C41791,MA,56,7,5,,,,,
C41792,VT,66,2,1,,,,,
C41793,MA,45,2,0,2 Somewhat Unsatisfied,5 Very Satisfied,,,
C41794,VT,35,6,4,,,,,
C41795,MA,31,6,5,,,,,
C41796,VT,40,7,2,,,,,
C41797,MA,26,8,2,,,,,
C41798,MA,69,7,0,,,,,
C41799,MA,26,12,5,,,,,
C41800,MA,54,9,1,,,,,
C41801,MA,23,12,1,,,,,
C41802,MA,52,11,1,,,,,
C41803,MA,30,3,0,,,,,
C41804,MA,27,6,0,,,,,
C41805,VT,53,12,1,5 Very Satisfied,5 Very Satisfied,,,
C41806,MA,41,7,1,5 Very Satisfied,4 Somewhat Satisfied,,,
C41807,MA,26,4,0,5 Very Satisfied,5 Very Satisfied,,,
C41808,MA,31,4,0,,,,,
C41809,MA,41,10,0,,,,,
C41810,MA,38,11,0,,,,,
C41811,MA,24,8,4,,,,,
C41812,MA,30,2,3,,,,,
C41813,VT,35,5,1,,,,,
C41814,VT,51,3,3,,,,,
C41815,VT,23,3,4,5 Very Satisfied,5 Very Satisfied,,,
C41816,MA,34,10,1,,,,,
C41817,VT,45,7,1,,,,,
C41818,MA,66,4,0,3 Neutral,5 Very Satisfied,,,
C41819,MA,47,9,0,,,,,
C41820,NY,73,7,1,2 Somewhat Unsatisfied,4 Somewhat Satisfied,,,
C41821,MA,31,2,4,,,,,
C41822,VT,39,9,0,,,,,
C41823,VT,35,12,1,,,,,
C41824,MA,46,1,2,2 Somewhat Unsatisfied,5 Very Satisfied,,,
C41825,VT,36,5,1,,,,,
C41826,MA,35,11,0,,,,,
C41827,VT,51,11,0,,,,,
C41828,VT,27,5,1,4 Somewhat Satisfied,5 Very Satisfied,,,
C41829,CT,51,7,1,,,,,
C41830,VT,40,7,4,,,,,
C41831,MA,54,9,0,,,,,
C41832,VT,35,1,2,,,,,
C41833,MA,65,1,1,4 Somewhat Satisfied,4 Somewhat Satisfied,,,
C41834,VT,65,2,5,,,,,
C41835,MA,65,8,5,,,,,
C41836,MA,27,2,0,,,,,
C41837,MA,23,7,0,,,,,
C41838,MA,64,3,4,2 Somewhat Unsatisfied,3 Neutral,,,
C41839,VT,27,3,3,,,,,
C41840,MA,33,6,2,,,,,
C41841,VT,38,3,0,,,,,
C41842,NY,45,11,0,,,,,
C41843,CT,22,11,0,5 Very Satisfied,3 Neutral,,,
C41844,MA,56,3,1,,,,,
C41845,VT,72,12,0,5 Very Satisfied,4 Somewhat Satisfied,,,
C41846,CT,34,8,1,,,,,
C41847,CA,42,1,5,,,,,
C41848,VT,30,4,1,,,,,
C41849,MA,46,9,1,,,,,
C41850,NY,33,9,1,,,,,
C41851,MA,35,5,1,,,,,
C41852,MA,26,9,0,,,,,
C41853,MA,25,5,0,,,,,
C41854,MA,39,10,1,,,,,
C41855,MA,27,2,0,,,,,
C41856,MA,27,10,0,,,,,
C41857,MA,46,5,0,,,,,
C41858,MA,34,1,2,,,,,
C41859,CT,29,5,4,,,,,
C41860,MA,44,12,1,,,,,
C41861,MA,32,5,0,2 Somewhat Unsatisfied,4 Somewhat Satisfied,,,
C41862,MA,39,10,0,5 Very Satisfied,5 Very Satisfied,,,
C41863,MA,31,8,4,,,,,
C41864,MA,60,8,4,,,,,
C41865,CT,70,11,1,,,,,
C41866,NY,40,3,0,,,,,
C41867,VT,34,12,0,,,,,
C41868,MA,32,6,0,,,,,
C41869,VT,67,5,0,,,,,
C41870,MA,32,9,1,4 Somewhat Satisfied,3 Neutral,,,
C41871,MA,60,3,3,,,,,
C41872,MA,58,7,5,,,,,
C41873,MA,72,2,1,,,,,
C41874,MA,75,10,3,,,,,
C41875,VT,26,10,4,,,,,
C41876,MA,35,7,1,,,,,
C41877,MA,38,8,0,2 Somewhat Unsatisfied,4 Somewhat Satisfied,,,
C41878,MA,32,5,2,,,,,
C41879,MA,30,2,0,,,,,
C41880,VT,36,2,1,,,,,
C41881,MA,63,4,3,,,,,
C41882,MA,62,11,0,,,,,
C41883,MA,39,2,1,,,,,
C41884,VT,35,4,2,,,,,
C41885,VT,71,4,0,,,,,
C41886,MA,33,10,0,,,,,
C41887,MA,26,7,4,,,,,
C41888,VT,34,4,1,3 Neutral,5 Very Satisfied,,,
C41889,CT,38,3,2,,,,,
C41890,MA,31,8,3,3 Neutral,4 Somewhat Satisfied,,,
C41891,MA,64,1,0,,,,,
C41892,MA,35,6,0,,,,,
C41893,MA,32,6,0,,,,,
C41894,MA,35,7,2,,,,,
C41895,RI,46,2,4,,,,,
C41896,MA,25,9,5,,,,,
C41897,VT,31,12,4,4 Somewhat Satisfied,4 Somewhat Satisfied,,,
C41898,MA,30,11,2,,,,,
C41899,VT,74,7,1,,,,,
C41900,MA,23,8,0,,,,,
C41901,MA,67,9,1,,,,,
C41902,VT,34,1,4,2 Somewhat Unsatisfied,3 Neutral,,,
C41903,MA,57,1,3,,,,,
C41904,MA,26,1,3,,,,,
C41905,VT,23,7,2,5 Very Satisfied,4 Somewhat Satisfied,,,
C41906,MA,35,7,4,,,,,
C41907,MA,45,8,0,,,,,
C41908,MA,32,1,1,,,,,
C41909,MA,50,3,3,,,,,
C41910,VT,25,5,0,,,,,
C41911,MA,22,1,0,,,,,
C41912,VT,60,1,4,,,,,
C41913,RI,25,9,5,,,,,
C41914,VT,33,5,1,3 Neutral,3 Neutral,,,
C41915,VT,32,8,0,,,,,
C41916,MA,35,3,2,,,,,
C41917,MA,41,2,0,,,,,
C41918,MA,51,3,0,,,,,
C41919,VT,35,3,0,,,,,
C41920,MA,25,9,0,,,,,
C41921,MA,33,10,0,,,,,
C41922,RI,40,2,0,4 Somewhat Satisfied,4 Somewhat Satisfied,,,
C41923,MA,43,9,5,,,,,
C41924,CT,58,2,0,,,,,
C41925,NY,33,6,1,,,,,
C41926,MA,28,10,0,,,,,
C41927,Massachusetts,35,6,4,,,,,
C41928,MA,33,9,0,,,,,
C41929,VT,40,3,1,,,,,
C41930,MA,27,3,0,5 Very Satisfied,4 Somewhat Satisfied,,,
C41931,VT,38,3,0,,,,,
C41932,VT,38,4,2,,,,,
C41933,MA,26,10,0,,,,,
C41934,VT,38,3,0,,,,,
C41935,VT,22,12,0,,,,,
C41936,MA,31,6,2,,,,,
C41937,VT,39,11,5,,,,,
C41938,VT,35,1,2,5 Very Satisfied,4 Somewhat Satisfied,,,
C41939,MA,64,9,5,,,,,
C41940,MA,34,8,4,4 Somewhat Satisfied,4 Somewhat Satisfied,,,
C41941,MA,33,9,0,,,,,
C41942,MA,38,3,1,,,,,
C41943,VT,70,7,0,,,,,
C41944,MA,55,12,1,,,,,
C41945,MA,42,4,1,3 Neutral,4 Somewhat Satisfied,,,
C41946,VT,55,10,3,,,,,
C41947,VT,29,3,0,,,,,
C41948,MA,36,3,0,,,,,
C41949,NY,29,9,5,,,,,
C41950,VT,29,10,0,,,,,
C41951,MA,75,11,4,4 Somewhat Satisfied,5 Very Satisfied,,,
C41952,MA,68,7,0,,,,,
C41953,MA,28,12,4,,,,,
C41954,MA,74,2,0,3 Neutral,4 Somewhat Satisfied,,,
C41955,MA,35,10,1,,,,,
C41956,MA,35,8,1,,,,,
C41957,MA,43,1,3,2 Somewhat Unsatisfied,5 Very Satisfied,,,
C41958,MA,29,8,1,,,,,
C41959,MA,42,2,0,,,,,
C41960,VT,39,5,4,,,,,
C41961,MA,25,1,0,,,,,
C41962,MA,24,10,0,,,,,
C41963,VT,26,2,0,,,,,
C41964,MA,59,3,1,,,,,
C41965,CT,35,7,0,,,,,
C41966,MA,34,1,1,,,,,
C41967,MA,29,11,2,3 Neutral,4 Somewhat Satisfied,,,
C41968,RI,56,3,3,,,,,
C41969,VT,27,1,0,3 Neutral,4 Somewhat Satisfied,,,
C41970,NY,36,5,2,5 Very Satisfied,5 Very Satisfied,,,
C41971,MA,34,4,2,,,,,
C41972,MA,40,3,0,,,,,
C41973,MA,29,11,1,,,,,
C41974,MA,32,12,3,,,,,
C41975,MA,26,2,1,,,,,
C41976,MA,75,11,1,,,,,
C41977,MA,48,9,2,,,,,
C41978,MA,41,4,0,,,,,
C41979,MA,39,3,0,,,,,
C41980,VT,39,11,4,,,,,
C41981,VT,49,9,1,,,,,
C41982,MA,28,12,2,,,,,
C41983,MA,39,4,0,5 Very Satisfied,5 Very Satisfied,,,
C41984,VT,54,6,3,2 Somewhat Unsatisfied,3 Neutral,,,
C41985,VT,31,6,1,4 Somewhat Satisfied,4 Somewhat Satisfied,,,
C41986,MA,35,3,2,,,,,
C41987,VT,69,9,3,3 Neutral,4 Somewhat Satisfied,,,
C41988,MA,28,3,1,3 Neutral,5 Very Satisfied,,,
C41989,VT,26,5,0,,,,,
C41990,RI,67,8,1,2 Somewhat Unsatisfied,3 Neutral,,,
C41991,TX,22,3,1,,,,,
C41992,CA,32,1,1,,,,,
C41993,MA,71,7,1,,,,,
C41994,MA,68,10,1,2 Somewhat Unsatisfied,4 Somewhat Satisfied,,,
C41995,MA,23,2,0,,,,,
C41996,MA,44,4,1,5 Very Satisfied,5 Very Satisfied,,,
C41997,NY,31,8,0,,,,,
C41998,MA,34,10,2,,,,,
C41999,MA,29,10,0,3 Neutral,3 Neutral,,,
C42000,MA,64,3,0,,,,,
C42001,VT,27,8,0,,,,,
C42002,MA,72,10,0,,,,,
C42003,MA,24,9,5,,,,,
C42004,MA,32,1,3,,,,,
C42005,VT,23,8,1,,,,,
C42006,MA,23,11,0,,,,,
C42007,MA,46,7,1,,,,,
C42008,VT,75,10,2,,,,,
C42009,MA,37,6,5,,,,,
C42010,VT,32,6,0,2 Somewhat Unsatisfied,3 Neutral,,,
C42011,VT,69,1,4,,,,,
C42012,VT,26,3,0,,,,,
C42013,MA,62,3,0,3 Neutral,5 Very Satisfied,,,
C42014,MA,24,6,0,,,,,
C42015,TX,71,3,0,5 Very Satisfied,3 Neutral,,,
C42016,VT,39,5,1,,,,,
C42017,NY,38,1,0,,,,,
C42018,MA,41,2,0,,,,,
C42019,TX,34,9,1,,,,,
C42020,MA,75,4,1,5 Very Satisfied,4 Somewhat Satisfied,,,
C42021,MA,31,7,2,,,,,
C42022,MA,53,5,0,,,,,
C42023,VT,31,9,1,,,,,
C42024,NY,68,3,0,3 Neutral,4 Somewhat Satisfied,,,
C42025,VT,24,4,2,,,,,
C42026,VT,41,3,4,,,,,
C42027,MA,39,4,3,,,,,
C42028,RI,26,10,0,,,,,
C42029,VT,22,8,3,2 Somewhat Unsatisfied,3 Neutral,,,
C42030,MA,66,3,1,,,,,
C42031,CA,28,5,4,,,,,
C42032,NY,74,11,3,,,,,
C42033,MA,36,1,4,,,,,
C42034,MA,75,5,1,,,,,
C42035,VT,23,10,0,,,,,
C42036,MA,26,1,4,3 Neutral,5 Very Satisfied,,,
C42037,VT,35,11,5,,,,,
C42038,MA,35,11,1,4 Somewhat Satisfied,3 Neutral,,,
C42039,CT,28,7,0,,,,,
C42040,MA,53,7,2,2 Somewhat Unsatisfied,3 Neutral,,,
C42041,MA,61,1,3,,,,,
C42042,MA,35,8,0,2 Somewhat Unsatisfied,3 Neutral,,,
C42043,VT,73,9,1,,,,,
C42044,VT,38,11,2,4 Somewhat Satisfied,5 Very Satisfied,,,
C42045,VT,53,1,1,2 Somewhat Unsatisfied,5 Very Satisfied,,,
C42046,VT,44,1,0,,,,,
C42047,MA,43,4,0,,,,,
C42048,VT,26,5,0,,,,,
C42049,VT,22,11,1,,,,,
C42050,MA,24,3,0,,,,,
C42051,MA,28,4,0,,,,,
C42052,MA,29,2,4,5 Very Satisfied,4 Somewhat Satisfied,,,
C42053,MA,65,11,2,,,,,
C42054,MA,30,1,4,,,,,
C42055,MA,41,4,4,,,,,
C42056,MA,34,7,1,5 Very Satisfied,5 Very Satisfied,,,
C42057,MA,61,11,0,,,,,
C42058,MA,49,4,0,2 Somewhat Unsatisfied,3 Neutral,,,
C42059,MA,26,10,0,,,,,
C42060,MA,74,11,4,,,,,
C42061,RI,65,11,1,,,,,
C42062,MA,33,4,4,2 Somewhat Unsatisfied,4 Somewhat Satisfied,,,
C42063,MA,42,2,0,,,,,
C42064,MA,43,2,2,,,,,
C42065,MA,61,9,1,,,,,
C42066,MA,34,10,5,2 Somewhat Unsatisfied,4 Somewhat Satisfied,,,
C42067,MA,39,12,4,,,,,
C42068,CT,29,4,5,,,,,
C42069,TX,35,11,3,,,,,
C42070,MA,70,1,0,,,,,
C42071,MA,39,3,5,,,,,
C42072,CT,24,10,2,,,,,
C42073,MA,30,11,1,4 Somewhat Satisfied,3 Neutral,,,
C42074,VT,27,7,0,,,,,
C42075,MA,31,8,1,,,,,
C42076,MA,54,3,5,,,,,
C42077,MA,26,6,2,,,,,
C42078,VT,25,7,2,3 Neutral,4 Somewhat Satisfied,,,
C42079,NY,30,7,0,,,,,
C42080,VT,32,2,4,4 Somewhat Satisfied,5 Very Satisfied,,,
C42081,MA,46,7,0,4 Somewhat Satisfied,3 Neutral,,,
C42082,MA,30,3,0,,,,,
C42083,MA,35,5,0,5 Very Satisfied,5 Very Satisfied,,,
C42084,MA,35,3,3,,,,,
C42085,MA,41,3,1,,,,,
C42086,VT,43,9,0,2 Somewhat Unsatisfied,5 Very Satisfied,,,
C42087,MA,34,3,1,,,,,
C42088,MA,35,3,0,3 Neutral,4 Somewhat Satisfied,,,
C42089,MA,75,5,4,,,,,
C42090,MA,73,11,0,,,,,
C42091,MA,33,11,0,5 Very Satisfied,3 Neutral,,,
C42092,CT,31,4,1,,,,,
C42093,MA,36,8,2,,,,,
C42094,MA,69,11,0,,,,,
C42095,VT,25,5,2,,,,,
C42096,NY,68,9,3,,,,,
C42097,MA,33,9,1,,,,,
C42098,VT,47,10,2,,,,,
C42099,MA,29,1,3,,,,,
C42100,MA,71,4,1,,,,,
C42101,MA,65,11,2,3 Neutral,4 Somewhat Satisfied,,,
C42102,MA,22,2,5,,,,,
C42103,MA,49,2,4,,,,,
C42104,VT,41,6,4,,,,,
C42105,VT,23,6,1,,,,,
C42106,MA,32,3,0,2 Somewhat Unsatisfied,5 Very Satisfied,,,
C42107,MA,44,7,2,5 Very Satisfied,5 Very Satisfied,,,
C42108,VT,38,2,5,,,,,
C42109,MA,26,3,3,,,,,
C42110,MA,56,2,1,,,,,
C42111,VT,41,8,5,,,,,
C42112,CT,22,10,0,,,,,
C42113,MA,70,2,0,4 Somewhat Satisfied,5 Very Satisfied,,,
C42114,VT,46,2,2,4 Somewhat Satisfied,3 Neutral,,,
C42115,CT,25,10,2,3 Neutral,5 Very Satisfied,,,
C42116,MA,47,3,4,,,,,
C42117,MA,44,1,0,5 Very Satisfied,4 Somewhat Satisfied,,,
C42118,VT,44,4,0,,,,,
C42119,MA,29,3,0,3 Neutral,4 Somewhat Satisfied,,,
C42120,MA,44,6,4,3 Neutral,4 Somewhat Satisfied,,,
C42121,MA,35,12,0,,,,,
C42122,CT,44,2,4,,,,,
C42123,MA,28,3,1,,,,,
C42124,VT,30,5,1,,,,,
C42125,VT,50,5,5,,,,,
C42126,MA,40,10,1,5 Very Satisfied,5 Very Satisfied,,,
C42127,MA,37,9,0,,,,,
C42128,MA,41,12,0,,,,,
C42129,MA,70,8,5,,,,,
C42130,NY,55,10,0,2 Somewhat Unsatisfied,3 Neutral,,,
C42131,Massachusetts,30,12,0,,,,,
C42132,RI,29,7,1,,,,,
C42133,MA,28,5,5,,,,,
C42134,MA,34,3,2,,,,,
C42135,VT,33,1,1,,,,,
C42136,MA,39,6,4,,,,,
C42137,MA,31,8,0,,,,,
C42138,MA,24,5,3,,,,,
C42139,MA,30,12,1,,,,,
C42140,MA,47,8,1,,,,,
C42141,MA,71,5,2,3 Neutral,5 Very Satisfied,,,
C42142,VT,45,4,2,,,,,
C42143,MA,25,3,1,,,,,
C42144,RI,35,5,1,,,,,
C42145,MA,27,10,5,2 Somewhat Unsatisfied,5 Very Satisfied,,,
C42146,MA,28,1,0,,,,,
C42147,RI,56,3,0,,,,,
C42148,CA,55,2,1,,,,,
C42149,MA,54,11,1,,,,,
C42150,VT,53,9,0,,,,,
C42151,RI,54,6,0,,,,,
C42152,MA,27,10,5,,,,,
C42153,MA,25,2,1,,,,,
C42154,MA,34,5,0,,,,,
C42155,MA,30,8,0,,,,,
C42156,MA,60,7,0,3 Neutral,5 Very Satisfied,,,
C42157,MA,28,12,1,,,,,
C42158,MA,40,11,0,,,,,
C42159,MA,61,11,0,,,,,
C42160,MA,29,1,5,,,,,
C42161,CT,38,10,0,3 Neutral,4 Somewhat Satisfied,,,
C42162,MA,44,1,3,,,,,
C42163,RI,30,12,3,,,,,
C42164,MA,41,4,0,,,,,
C42165,VT,35,4,1,,,,,
C42166,MA,40,10,0,,,,,
C42167,MA,65,11,5,,,,,
C42168,CA,26,3,0,5 Very Satisfied,5 Very Satisfied,,,
C42169,TX,23,8,1,,,,,
C42170,VT,35,9,2,,,,,
C42171,VT,29,4,2,,,,,
C42172,MA,34,6,1,3 Neutral,3 Neutral,,,
C42173,MA,33,1,4,,,,,
C42174,VT,54,9,1,,,,,
C42175,MA,30,2,0,3 Neutral,4 Somewhat Satisfied,,,
C42176,MA,45,11,1,,,,,
C42177,MA,38,1,2,4 Somewhat Satisfied,4 Somewhat Satisfied,,,
C42178,VT,37,12,0,,,,,
C42179,VT,25,1,0,,,,,
C42180,MA,25,4,0,,,,,
C42181,VT,57,10,0,,,,,
C42182,MA,24,12,0,,,,,
C42183,MA,30,3,2,,,,,
C42184,MA,30,2,1,,,,,
C42185,VT,32,5,0,,,,,
C42186,VT,29,12,5,,,,,
C42187,MA,26,7,0,,,,,
C42188,MA,33,4,1,,,,,
C42189,MA,26,11,1,,,,,
C42190,CT,38,6,4,,,,,
C42191,MA,74,7,0,4 Somewhat Satisfied,4 Somewhat Satisfied,,,
C42192,VT,73,5,2,4 Somewhat Satisfied,5 Very Satisfied,,,
C42193,CA,25,9,1,4 Somewhat Satisfied,4 Somewhat Satisfied,,,
C42194,MA,62,8,1,,,,,
C42195,MA,26,4,4,,,,,
C42196,VT,43,11,5,,,,,
C42197,MA,46,10,0,,,,,
C42198,MA,34,5,5,,,,,
C42199,VT,34,12,5,,,,,
C42200,MA,28,12,1,,,,,
C42201,VT,38,2,1,,,,,
C42202,MA,73,11,1,2 Somewhat Unsatisfied,4 Somewhat Satisfied,,,
C42203,Massachusetts,63,11,3,,,,,
C42204,MA,61,11,5,,,,,
C42205,VT,27,5,0,,,,,
C42206,MA,23,10,0,5 Very Satisfied,5 Very Satisfied,,,
C42207,MA,31,3,3,,,,,
C42208,MA,22,11,1,,,,,
C42209,MA,22,11,1,,,,,
C42210,CT,25,4,2,,,,,
C42211,CT,64,3,1,5 Very Satisfied,4 Somewhat Satisfied,,,
C42212,NY,25,2,5,,,,,
C42213,VT,65,1,0,,,,,
C42214,VT,33,4,5,3 Neutral,3 Neutral,,,
C42215,MA,34,4,2,,,,,
C42216,VT,23,9,0,,,,,
C42217,VT,32,9,1,,,,,
C42218,MA,64,6,5,,,,,
C42219,Massachusetts,60,10,4,,,,,
C42220,MA,23,2,0,,,,,
C42221,MA,31,1,0,,,,,
C42222,MA,48,2,2,5 Very Satisfied,5 Very Satisfied,,,
C42223,MA,59,12,5,,,,,
C42224,MA,35,11,2,,,,,
C42225,VT,37,1,3,,,,,
C42226,MA,26,11,5,3 Neutral,5 Very Satisfied,,,
C42227,MA,43,2,0,,,,,
C42228,VT,25,April,3,,,,,
C42229,MA,25,10,4,,,,,
C42230,MA,22,4,2,,,,,
C42231,MA,73,5,4,,,,,
C42232,MA,32,12,0,,,,,
C42233,MA,38,6,1,3 Neutral,3 Neutral,,,
C42234,VT,45,3,0,,,,,
C42235,MA,37,10,1,,,,,
C42236,MA,71,7,1,,,,,
C42237,CT,34,11,5,,,,,
C42238,CT,33,11,1,,,,,
C42239,MA,34,10,1,,,,,
C42240,MA,34,3,1,,,,,
C42241,Massachusetts,30,3,0,,,,,
C42242,MA,34,Nov.,4,3 Neutral,4 Somewhat Satisfied,,,
C42243,VT,39,10,5,,,,,
C42244,MA,33,1,5,,,,,
C42245,VT,29,5,2,,,,,
C42246,MA,46,8,1,4 Somewhat Satisfied,5 Very Satisfied,,,
C42247,MA,31,7,0,,,,,
C42248,MA,25,3,0,3 Neutral,3 Neutral,,,
C42249,MA,22,2,2,,,,,
C42250,VT,35,11,4,,,,,
C42251,CT,26,6,1,,,,,
C42252,MA,35,5,2,,,,,
C42253,CA,23,8,1,4 Somewhat Satisfied,5 Very Satisfied,,,
C42254,MA,48,5,0,,,,,
C42255,VT,59,5,0,5 Very Satisfied,5 Very Satisfied,,,
C42256,MA,23,7,5,,,,,
C42257,MA,23,2,1,1 Very Unsatisfied,3 Neutral,,,
C42258,CA,31,3,3,,,,,
C42259,VT,32,4,0,3 Neutral,5 Very Satisfied,,,
C42260,VT,36,3,5,,,,,
C42261,MA,34,8,0,,,,,
C42262,MA,43,8,5,,,,,
C42263,Massachusetts,63,5,0,,,,,
C42264,MA,31,6,4,,,,,
C42265,MA,41,4,3,,,,,
C42266,VT,34,7,1,,,,,
C42267,MA,35,4,2,,,,,
C42268,MA,60,1,1,2 Somewhat Unsatisfied,5 Very Satisfied,,,
C42269,MA,73,2,1,,,,,
C42270,MA,57,12,0,,,,,
C42271,MA,25,3,0,5 Very Satisfied,4 Somewhat Satisfied,,,
C42272,MA,60,11,5,5 Very Satisfied,5 Very Satisfied,,,
C42273,NY,26,4,0,,,,,
C42274,MA,54,1,4,,,,,
C42275,MA,29,6,0,,,,,
C42276,VT,29,5,3,,,,,
C42277,MA,66,10,0,,,,,
C42278,MA,34,5,4,3 Neutral,3 Neutral,,,
C42279,MA,63,7,4,,,,,
C42280,Massachusetts,22,12,0,,,,,
C42281,MA,63,3,1,,,,,
C42282,MA,23,2,3,,,,,
C42283,MA,33,6,2,,,,,
C42284,MA,33,5,2,,,,,
C42285,VT,33,8,0,5 Very Satisfied,5 Very Satisfied,,,
C42286,MA,38,5,4,,,,,
C42287,MA,52,10,4,,,,,
C42288,MA,30,6,1,,,,,
C42289,CT,41,4,3,,,,,
C42290,RI,25,6,4,,,,,
C42291,VT,24,4,4,,,,,
C42292,MA,69,7,1,,,,,
C42293,MA,26,10,5,,,,,
C42294,VT,24,2,1,3 Neutral,4 Somewhat Satisfied,,,
C42295,VT,24,3,0,,,,,
C42296,MA,36,8,0,3 Neutral,5 Very Satisfied,,,
C42297,VT,46,2,5,,,,,
C42298,MA,41,5,1,,,,,
C42299,MA,22,6,0,,,,,
C42300,MA,25,7,0,,,,,
C42301,MA,60,3,4,,,,,
C42302,MA,35,1,1,,,,,
C42303,MA,23,3,4,,,,,
C42304,CA,34,5,2,,,,,
C42305,CT,70,3,1,,,,,
C42306,VT,26,9,1,,,,,
C42307,NY,22,7,5,,,,,
C42308,MA,56,5,4,,,,,
C42309,MA,42,7,0,,,,,
C42310,MA,37,3,0,,,,,
C42311,MA,46,6,0,,,,,
C42312,MA,33,12,0,,,,,
C42313,MA,43,8,1,,,,,
C42314,MA,34,11,2,2 Somewhat Unsatisfied,5 Very Satisfied,,,
C42315,MA,22,4,0,,,,,
C42316,MA,27,Nov.,5,2 Somewhat Unsatisfied,3 Neutral,,,
C42317,MA,33,11,1,5 Very Satisfied,4 Somewhat Satisfied,,,
C42318,VT,34,12,4,,,,,
C42319,VT,26,9,1,,,,,
C42320,MA,32,2,2,,,,,
C42321,MA,23,9,0,,,,,
C42322,MA,30,8,2,,,,,
C42323,MA,29,3,5,,,,,
C42324,NY,57,7,4,2 Somewhat Unsatisfied,4 Somewhat Satisfied,,,
C42325,MA,25,1,4,,,,,
C42326,VT,26,3,1,,,,,
C42327,MA,27,7,1,,,,,
C42328,VT,39,10,2,4 Somewhat Satisfied,4 Somewhat Satisfied,,,
C42329,CT,72,6,0,,,,,
C42330,MA,39,6,1,,,,,
C42331,MA,33,11,3,,,,,
C42332,VT,22,9,4,,,,,
C42333,Massachusetts,29,11,0,5 Very Satisfied,4 Somewhat Satisfied,,,
C42334,CA,73,5,0,,,,,
C42335,MA,49,3,0,3 Neutral,5 Very Satisfied,,,
C42336,MA,32,6,3,2 Somewhat Unsatisfied,5 Very Satisfied,,,
C42337,CT,34,12,1,,,,,
C42338,MA,22,7,2,,,,,
C42339,RI,35,10,5,,,,,
C42340,MA,30,2,0,,,,,
C42341,MA,22,5,0,,,,,
C42342,VT,66,12,0,4 Somewhat Satisfied,4 Somewhat Satisfied,,,
C42343,MA,75,10,2,5 Very Satisfied,5 Very Satisfied,,,
C42344,MA,37,July,1,,,,,
C42345,CT,60,7,2,,,,,
C42346,VT,54,11,1,,,,,
C42347,VT,46,10,4,,,,,
C42348,MA,35,2,5,,,,,
C42349,VT,34,9,0,4 Somewhat Satisfied,5 Very Satisfied,,,
C42350,MA,26,2,3,,,,,
C42351,MA,32,11,1,2 Somewhat Unsatisfied,5 Very Satisfied,,,
C42352,MA,25,10,1,,,,,
C42353,MA,45,11,0,3 Neutral,3 Neutral,,,
C42354,MA,42,6,0,,,,,
C42355,MA,47,6,0,,,,,
C42356,MA,30,10,3,2 Somewhat Unsatisfied,3 Neutral,,,
C42357,MA,60,7,4,,,,,
C42358,MA,28,8,5,2 Somewhat Unsatisfied,5 Very Satisfied,,,
C42359,MA,64,10,0,,,,,
C42360,MA,23,4,0,,,,,
C42361,MA,35,2,0,,,,,
C42362,VT,33,11,1,,,,,
C42363,CT,28,9,1,,,,,
C42364,MA,53,8,3,,,,,
C42365,CA,32,1,1,,,,,
C42366,MA,41,8,0,,,,,
C42367,VT,39,5,1,3 Neutral,4 Somewhat Satisfied,,,
C42368,VT,24,1,0,,,,,
C42369,VT,51,1,0,,,,,
C42370,MA,51,12,5,5 Very Satisfied,4 Somewhat Satisfied,,,
C42371,MA,29,8,0,,,,,
C42372,CT,35,10,0,,,,,
C42373,MA,25,4,1,,,,,
C42374,MA,24,1,0,,,,,
C42375,MA,30,6,3,,,,,
C42376,VT,73,4,0,,,,,
C42377,MA,35,3,0,5 Very Satisfied,4 Somewhat Satisfied,,,
C42378,MA,73,12,1,,,,,
C42379,VT,35,12,3,,,,,
C42380,MA,39,3,1,,,,,
C42381,MA,23,10,2,,,,,
C42382,MA,33,10,2,,,,,
C42383,MA,44,1,0,,,,,
C42384,MA,28,8,3,,,,,
C42385,VT,50,6,1,,,,,
C42386,TX,24,1,4,,,,,
C42387,MA,22,8,1,3 Neutral,4 Somewhat Satisfied,,,
C42388,MA,23,5,2,,,,,
C42389,MA,67,9,0,2 Somewhat Unsatisfied,3 Neutral,,,
C42390,VT,58,4,1,,,,,
C42391,TX,45,3,0,,,,,
C42392,MA,66,5,0,,,,,
C42393,CA,29,3,1,,,,,
C42394,NY,22,7,3,,,,,
C42395,MA,29,12,0,,,,,
C42396,VT,35,1,1,3 Neutral,5 Very Satisfied,,,
C42397,CT,31,5,4,5 Very Satisfied,3 Neutral,,,
C42398,VT,29,1,3,3 Neutral,3 Neutral,,,
C42399,MA,36,4,3,3 Neutral,5 Very Satisfied,,,
C42400,MA,41,6,1,,,,,
C42401,VT,43,1,5,,,,,
C42402,VT,34,7,5,,,,,
C42403,MA,26,10,0,,,,,
C42404,MA,25,8,5,,,,,
C42405,VT,28,12,0,5 Very Satisfied,4 Somewhat Satisfied,,,
C42406,NY,32,7,5,,,,,
C42407,MA,37,11,1,,,,,
C42408,MA,30,2,4,,,,,
C42409,MA,51,5,0,,,,,
C42410,MA,57,3,0,,,,,
C42411,MA,34,7,2,1 Very Unsatisfied,2 Somewhat Unsatisfied,,,
C42412,VT,36,3,2,2 Somewhat Unsatisfied,5 Very Satisfied,,,
C42413,NY,29,11,5,,,,,
C42414,TX,29,7,1,,,,,
C42415,NY,54,10,1,,,,,
C42416,MA,35,6,1,,,,,
C42417,MA,30,4,2,,,,,
C42418,MA,38,2,3,,,,,
C42419,MA,40,9,0,,,,,
C42420,MA,27,7,0,,,,,
C42421,VT,41,1,1,,,,,
C42422,MA,28,10,0,,,,,
C42423,NY,27,6,4,,,,,
C42424,VT,34,9,1,,,,,
C42425,MA,30,1,4,2 Somewhat Unsatisfied,4 Somewhat Satisfied,,,
C42426,VT,35,1,1,,,,,
C42427,MA,41,6,0,,,,,
C42428,MA,56,8,0,,,,,
C42429,RI,65,11,0,,,,,
C42430,MA,30,12,2,3 Neutral,5 Very Satisfied,,,
C42431,CA,44,1,2,,,,,
C42432,MA,34,3,3,,,,,
C42433,MA,35,11,1,,,,,
C42434,VT,24,12,2,,,,,
C42435,VT,40,1,0,,,,,
C42436,VT,32,9,3,,,,,
C42437,VT,33,8,2,,,,,
C42438,VT,28,12,4,,,,,
C42439,MA,70,5,0,5 Very Satisfied,4 Somewhat Satisfied,,,
C42440,MA,33,1,0,,,,,
C42441,CT,24,12,4,,,,,
C42442,MA,24,3,1,,,,,
C42443,VT,22,8,0,3 Neutral,3 Neutral,,,
C42444,VT,34,6,0,,,,,
C42445,MA,31,7,4,,,,,
C42446,CT,40,3,3,4 Somewhat Satisfied,5 Very Satisfied,,,
C42447,CT,26,10,5,,,,,
C42448,MA,41,7,3,,,,,
C42449,VT,62,5,4,,,,,
C42450,MA,58,7,3,,,,,
C42451,MA,53,10,0,2 Somewhat Unsatisfied,2 Somewhat Unsatisfied,,,
C42452,CT,40,3,3,,,,,
C42453,MA,70,3,1,4 Somewhat Satisfied,4 Somewhat Satisfied,,,
C42454,CT,64,7,0,,,,,
C42455,VT,31,5,0,,,,,
C42456,MA,31,1,0,,,,,
C42457,MA,47,9,1,,,,,
C42458,MA,29,6,5,,,,,
C42459,MA,39,11,0,,,,,
C42460,MA,32,7,5,4 Somewhat Satisfied,4 Somewhat Satisfied,,,
C42461,VT,53,5,0,,,,,
C42462,MA,44,2,1,,,,,
C42463,CA,29,12,3,,,,,
C42464,MA,22,7,5,,,,,
C42465,MA,75,9,0,,,,,
C42466,RI,27,12,0,,,,,
C42467,MA,23,11,0,5 Very Satisfied,4 Somewhat Satisfied,,,
C42468,VT,24,6,4,,,,,
C42469,MA,34,7,0,,,,,
C42470,Massachusetts,39,Oct,1,,,,,
C42471,MA,55,4,2,,,,,
C42472,MA,25,1,0,5 Very Satisfied,5 Very Satisfied,,,
C42473,MA,40,3,2,,,,,
C42474,MA,32,11,5,,,,,
C42475,MA,62,7,0,,,,,
C42476,VT,34,7,0,3 Neutral,4 Somewhat Satisfied,,,
C42477,MA,37,12,0,,,,,
C42478,MA,27,12,5,,,,,
C42479,MA,45,11,3,5 Very Satisfied,5 Very Satisfied,,,
C42480,Massachusetts,24,2,1,,,,,
C42481,MA,33,8,0,,,,,
C42482,MA,43,2,0,,,,,
C42483,Connecticut,62,5,0,,,,,
C42484,MA,43,11,4,,,,,
C42485,RI,31,4,0,,,,,
C42486,MA,55,4,1,,,,,
C42487,CT,33,3,0,,,,,
C42488,VT,40,4,3,4 Somewhat Satisfied,4 Somewhat Satisfied,,,
C42489,MA,59,11,0,,,,,
C42490,VT,0,0,3,,,,,
C42491,VT,34,6,3,,,,,
C42492,VT,36,10,4,,,,,
C42493,VT,34,12,5,,,,,
C42494,MA,43,10,0,,,,,
C42495,CT,29,6,0,,,,,
C42496,VT,26,5,4,5 Very Satisfied,4 Somewhat Satisfied,,,
C42497,MA,47,4,0,,,,,
C42498,MA,38,8,0,,,,,
C42499,MA,27,8,1,,,,,
C42500,MA,31,3,2,,,,,